Title,Condition,Price,Sale_Date,Postage,Total_Cost,Import_Date,URL
Nintendo Switch OLED Model HEG-001 Handheld Console - 64GB - Black/Neon Red/Neon,Pre-owned,205.0,4 Mar 2023,6.85,211.85,2023-03-07,https://www.ebay.co.uk/itm/314424539226?epid=9048299510&hash=item493529b85a%3Ag%3A5ZcAAOSwsSxj-fIm&amdata=enc%3AAQAHAAAAoN%2Bn%2BWRngDJUfUUKqnoNAOjys%2BEbb7ex3Jlw2A17bT%2BD%2FP6qzGAqvkbjn9gXpxHPFHPVaYMYpAz3AvV3b7Wn3HH7dlC%2FgraG47QsRqZlN5A6XsmxoGCJ%2BxTnAv6bKpVLXpARxBcXMGipz8KMiqhRIt6UBnQFoLb8SIxlsgYY17KsL2Q96dqx5owNNBFpE26G98hl1JtVrCsAieUL6oNDCl4%3D%7Ctkp%3ABk9SR5qXqtbXYQ&LH_Auction=1
Nintendo Switch OLED Model HEG-001 Handheld Console - 64GB - White Pro Control .,Opened – never used,255.0,7 Mar 2023,6.85,261.85,2023-03-07,https://www.ebay.co.uk/itm/275726272135?epid=5048310008&hash=item4032910687%3Ag%3AmvcAAOSwSTZkA3MP&amdata=enc%3AAQAHAAAAoMiWiMiB2g%2BcmpKOFJD8lWpTzQq%2F9YDRwawMC8ozIcOmMrd7f44PuvnJAYKccF%2B2AdjvJ8gDkwZyDKVahj8MkUQTQx27LvXjCrsRWg%2FAILuQB%2BUQkFCma07qlUoaMeX3pPMI206zJxb76nELRrx7h%2BvyfH05u2QDXsPFCK2YytojXEdcDJ%2FD%2Fax6mzuvNCuBJywi9lyzL4JMp2RSZ%2FqUcQQ%3D%7Ctkp%3ABk9SR6rMq9bXYQ&LH_Auction=1
Nintendo Switch OLED Model HEG-001 Handheld Console - 64GB - White,Brand new,267.52,7 Mar 2023,6.85,274.37,2023-03-07,https://www.ebay.co.uk/itm/285172606715?epid=5048310008&hash=item42659ca6fb%3Ag%3AivYAAOSw8cdkBg4X&amdata=enc%3AAQAHAAAAoK0XmcRVV%2BnJJrJDtjmQGriaK%2Fq%2FYoW7riJGzqTNwP6kJdHIPLMu5%2FMDPoKRsh65Xy3Gq7TCOh4fVD1znznWASQG6KeuhLs%2Bc1QJxKCznYZYfb2zTe%2F1VMgB4Iu7R4NdaB3P8081dagNr9mGmDdTdb5O%2BhTVLqLXf%2BLtHjC93okNUoj0C2s4VwTg%2FpfX38oSIQTXmuMGNffWQsQpfQsapdU%3D%7Ctkp%3ABk9SR6rMq9bXYQ&LH_Auction=1
Nintendo Switch OLED Model HEG-001 Handheld Console - 64GB - White,Pre-owned,225.0,7 Mar 2023,6.85,231.85,2023-03-07,https://www.ebay.co.uk/itm/144965880307?epid=5048310008&hash=item21c0a3c9f3%3Ag%3A0xUAAOSw0TJj%7Ec-6&amdata=enc%3AAQAHAAAAoKUOVf7bxf427NlzSjbNoJpV8%2BQ18Sw4aUd8lrVPAtGYk9JL2hpb5uyV3Zb2CkfqrrLTV7Tn%2FFBM4lLJrx4rkq%2BF3K%2FMArvZK10e7zbeZAxMB2ukwaah4aEXzJaw0wlgSpTsAFWQk1fk2PrWe975wHEjdOTLmbtebpuY%2BN41UI97VhXhEzWWK4pUogAGjrzynBCMEBFOch8e2rK2wemZpnw%3D%7Ctkp%3ABk9SR6rMq9bXYQ&LH_Auction=1
LOT OF 2 BRAND NEW NINTENDO SWITCH CONSOLE WITH WHITE JOY-CON OLED MODEL HEG-001,Brand new,498.74,7 Mar 2023,81.23,579.97,2023-03-07,https://www.ebay.co.uk/itm/295549093764?epid=10048191653&hash=item44d0194784%3Ag%3A12oAAOSwRWhkAAmb&amdata=enc%3AAQAHAAAAoMlCYtkq2IgSqn76ANIVqea2mdiNYLFK%2Fj4Ti%2B0bPvBRm1AdMN406tK83zKmRrReamiJW07Xh8Oggf8slEgmPeSAb5cU9bKAwtorVMduHRVJNSK7elAvG8BafWc5KcBLrIpzTIMj47EmE5ebMQRGTN5t02BugDrbohiZt6TRRITcCkPKYr%2Blnr%2FECyMuHoPRzgUHf07e3QLhLnfEPLrcU3I%3D%7Ctkp%3ABk9SR6rMq9bXYQ&LH_Auction=1
Genuine Nintendo Switch OLED Handheld Console Only Model HEG-001 - READ VG,Pre-owned,183.71,7 Mar 2023,14.38,198.09,2023-03-07,https://www.ebay.co.uk/itm/204263770077?epid=10048191653&hash=item2f8f11c7dd%3Ag%3AehIAAOSw6w1iOiil&amdata=enc%3AAQAHAAAAoNZi2oDJB1wqsW57IDSl5u2N9XzrG4zlrO6A%2FloKvTrwTYF4f7%2BjRJF9wQtPs2waYCDb9UF4HELW69tCZJifWirWkralGJYOb5Hqyo8Hf%2FTUDUwUmrwhu8WBr4RXijV55rbXxdqQcFhC%2BREEMhAuTgWnsEL5wyJ3iuG2WlEvza7SCf0qz4yCBiLLYyNaXVeFfwxFftYOZfjosv4evncSIM8%3D%7Ctkp%3ABk9SR6rMq9bXYQ&LH_Auction=1
Nintendo Switch OLED Model w/ Orig. Box - Excellent Condition - Tested & Working,Pre-owned,245.22,7 Mar 2023,15.3,260.52,2023-03-07,https://www.ebay.co.uk/itm/374543791665?epid=8048191202&hash=item57348cb631%3Ag%3AmqsAAOSww6Rj%7EPpa&amdata=enc%3AAQAHAAAAoDH3SMTlBEVOZMdHUY3Tp7pYCe5qC3DhgZH6%2BaotA8ld3jZN3Bq1FnPfYTaWVAEb3e0JgbMYga0COHk%2BcxBvXWL%2FwH8VRgYTwQAnHvZMX2WkF6zqq3wKPePK0s0oe0bYk96FOGy2pzqyV5CUgYeyVFCixK3rAZ1Qmbox16jam5pErXuOWVclQmcX9ZZBMJFPVyInhhjCidYsRY7GETubDa4%3D%7Ctkp%3ABk9SR6rMq9bXYQ&LH_Auction=1
Nintendo Switch OLED Model HEG-001 Handheld Console - 64GB -,Pre-owned,155.0,6 Mar 2023,6.85,161.85,2023-03-07,https://www.ebay.co.uk/itm/354609283195?epid=9048299510&hash=item52905c407b%3Ag%3AD9wAAOSwLmRj-UTA&amdata=enc%3AAQAHAAAAoAefoiEn97sv1h%2F%2FObB3382WFHZaO09QoJuIj9Moc4XQ%2B8z1kSXdxZqI9CiDqgclHgOo673vIF83vJSkKgZgLoUTPr0qCgnGmS5ATbmO5%2BqXdCS4SJ8Rc5ZaK5AdOAMjB%2F349ZfSYN1Iq%2B4xIMxPtW%2Ftsgs9s2q5W4UL40QQB97gUcHzA7iPTFnJzYapOOxfh6pb%2Bp%2FY1zo%2B1o5sDrId%2FXg%3D%7Ctkp%3ABk9SR6rMq9bXYQ&LH_Auction=1
Nintendo Switch OLED Model HEG-001 Handheld Console - 64GB - White,Pre-owned,245.0,6 Mar 2023,6.85,251.85,2023-03-07,https://www.ebay.co.uk/itm/175631541574?epid=5048310008&hash=item28e474a546%3Ag%3AuYgAAOSwHMJj%7ESKG&amdata=enc%3AAQAHAAAAoJIQ2bLtSN6Git%2B%2F95In196Q1mJl5ycm%2BpsJJp7T%2F2edFe%2Bfclzevb34qfBIIm%2FI6Lpfirlpq05gRkIdHKJW%2FODlRY21NrVkmw8fd15RZZc8XmDeQBDwADySIkCCj5LbwDy92frVV8qjbIgx68Y1iftANyUfFOBDuU%2FUVugmce1EDtPLJH5OEzBsT%2BlHJhkZ6rc%2FKZ5lAeXpVxJcYdy3j9s%3D%7Ctkp%3ABk9SR6rMq9bXYQ&LH_Auction=1
Nintendo Switch OLED Model - 64GB - Black/Neon Red/Neon (New Sealed - Free Post),Brand new,240.0,6 Mar 2023,0.0,240.0,2023-03-07,https://www.ebay.co.uk/itm/325562242968?epid=9048299510&hash=item4bcd059798%3Ag%3AxsIAAOSwANNj6APc&amdata=enc%3AAQAHAAAAoFkORv2cJukl18QXJRbuQYO9JdlcjVdNav%2Bl8kdrzQDcjDSMqtiEVHBQOgXtHuhoIlFciJCbbx48CWyWrClQeyN1X45FovO2NpsGE1x3FRgMdmHZwz1fG65p34aXPNdC%2BpMKSz7GYs5A4c%2FdaIBk042fqhqw%2BvJXH4mnT9jpE%2Bu0xbbQMRF8WtqRDQaOdIso%2BmMyA1Gm2XJRGynre3Uf0KE%3D%7Ctkp%3ABk9SR6rMq9bXYQ&LH_Auction=1
Nintendo Switch OLED Model Console - White,Brand new,257.69,6 Mar 2023,35.72,293.40999999999997,2023-03-07,https://www.ebay.co.uk/itm/225451999663?epid=10048191653&hash=item347dfc81af%3Ag%3AnS8AAOSwOEZj%7ER5X&amdata=enc%3AAQAHAAAAoIi2fBo2n8b09xF6dj12Gp9kGcxcohuM2pckMFNnAe4UTvM%2BIXwGdHSuXZFGxvOhIa6AOBU9w0tEgQB99TY62dwhp2xbLo0moe5JGLdnj1NaSc27n0cKbcxNDNBHezdbuMaAPrHLIHuvcUBdQObvxbzIlGBSiCWtZxkYJQGK5gX0c77gBj99DjPGysam%2B7lmOjf7g8g%2BiIL0hykqulYXeZI%3D%7Ctkp%3ABk9SR6rMq9bXYQ&LH_Auction=1
Nintendo Switch OLED Console White - Excellent Condition,Pre-owned,237.66,6 Mar 2023,3.0,240.66,2023-03-07,https://www.ebay.co.uk/itm/125794173589?epid=5048310008&hash=item1d49eac295%3Ag%3AHFMAAOSwm8Zj%7ERJW&amdata=enc%3AAQAHAAAAoM0mLBl1k%2BkAsnl32AxGnkiw8xON6CepEkPw0XK4Pji8YuTS4y2seyKt6WSRnd5kwxd7vzREclgTPtLNP%2FnmD2kUoUUPpQ6X7YBsZR24Ox%2FPXkv%2FafR7YfWOfwkoxfN8fBfTfw9RE3KimdluBya6UgM%2B8zoK7Mh%2FFzE1zSboNPNHDRhEuhwcWKcw6Ly3IE1SnuwIM53RmY1dNVoXdKlmoDY%3D%7Ctkp%3ABk9SR6rMq9bXYQ&LH_Auction=1
 Switch OLED Model HEG-001 Handheld Console - 64GB - White,Pre-owned,228.0,6 Mar 2023,12.99,240.99,2023-03-07,https://www.ebay.co.uk/itm/125794160100?hash=item1d49ea8de4%3Ag%3AnmwAAOSwCClj%7ELiQ&amdata=enc%3AAQAHAAAAoCmYekO6U58LTMMqpQB5juzIiV%2FAaNjn7mS6AqMmksPI7jct65h8ICTbuh4ztLigbIatGvDdETWj6W4MKR6t7Go07tf4O9Sw8xCsnYAes4CTR97vll36V4mt%2FQik%2Bs%2B0dH8Vy0fVdvfNXSc84HBJUMkfXiXRtL2t2ppWReXgWx9pu6l5lURGMYTK2tTBTpEEQBsFw0nZZil9O%2B3yFr5ITdw%3D%7Ctkp%3ABk9SR6rMq9bXYQ&LH_Auction=1
"Nintendo Switch OLED Model, Handheld Console - 64GB - White (BUNDLE!!)",Pre-owned,300.0,6 Mar 2023,9.05,309.05,2023-03-07,https://www.ebay.co.uk/itm/225451500138?epid=5048310008&hash=item347df4e26a%3Ag%3A0n8AAOSwZ%7EFj%7EOlU&amdata=enc%3AAQAHAAAAoPX7XL4xrTd8kTbryg7dckIHS548kRjg%2BITl8o93tmyt%2BPYB3PD6Siw6vS0MRNBquXCXxfUl5362FD1SC3bZDYWP2kHZSmXb1MFxFOLvCRjxaw2UuYvT2PkKJB02wkmm5yQGRbwfmdQ4HuQRQLnXXD3ylGk2tCn%2BZI%2F1KjVIi9dDJr29qHGBredagqmjZMbojzANsNIH9jFJKoQ9acKcyi4%3D%7Ctkp%3ABk9SR6rMq9bXYQ&LH_Auction=1
Nintendo Switch OLED Model HEG-001 Handheld Console - 64GB - Black/Neon Red/Neon,Pre-owned,215.0,6 Mar 2023,6.85,221.85,2023-03-07,https://www.ebay.co.uk/itm/125797522894?epid=9048299510&hash=item1d4a1dddce%3Ag%3A5HIAAOSwSlRj%7E4b8&amdata=enc%3AAQAHAAAAoGy8xFOXERqYEWaF0Nj5JP7qFjqLIS0xPeHX06nAHkQKm2EODNZ%2FLTHNuOs3rTnoaVsX2J9EraXOh9Z%2FVrV8Vgch4XxSxTU%2Fm6KiMgl9OPcGYd1oxaUMiWmSATq5GNFgAqgsumBtSmPXi8oq3DDULisMUCLNpL4YjxlbNyC%2B399qPMfyHe26vXNDnnEhTiKJFmkqSu8Fn4GBYuQeZ4fhFvw%3D%7Ctkp%3ABk9SR6rMq9bXYQ&LH_Auction=1
Nintendo Switch OLED Model HEG-001 Handheld Console - 64GB - Full Bundle,Pre-owned,235.0,6 Mar 2023,9.0,244.0,2023-03-07,https://www.ebay.co.uk/itm/285162934263?epid=5048310008&hash=item4265090ff7%3Ag%3ApVkAAOSwKwFj%7EM-B&amdata=enc%3AAQAHAAAAoMQDUUDH35AJFRm7xduIBGFIZroZCrASQYFoOjamjuDuLVofwaBb0ee%2BSON62QjU%2FDZwE9%2F2FxPNsUdKGa11NPPODoXqOKm83mqMzh280i%2FWZUAK7zRFmiLI8za3XeMA5j%2FNNt7e0q8AcPTrpYu8q%2F%2B1L0onOIlP3i4EZIsTCOpllUQ6zp0tSCEGh1fLITFcFxWpMK24Zitc1z3inpUgBzQ%3D%7Ctkp%3ABk9SR6zMq9bXYQ&LH_Auction=1
Nintendo Switch OLED Model HEG-001 Handheld Console - 64GB - Red ,Pre-owned,170.0,6 Mar 2023,3.99,173.99,2023-03-07,https://www.ebay.co.uk/itm/404177077309?hash=item5e1ad4c43d%3Ag%3ABLoAAOSwC0pj-Mg8&amdata=enc%3AAQAHAAAAoD8s%2Bnj718VJ0EfZNormFtETTwdWyZnjNB%2FxqRnn2sFqn0EJCnZExwQxWgfefXpnSrqI27ezCq7PpOcMNk3iQ%2BJiNLuF%2FS8253lTCP9llZSCxzN6Xh%2FNO9PtwMhfkMxirwfeUbt5tCnMHoF8VHeXGJSf91bblz3Mcyxqk1rbyiH2wAJuIO%2FxMCo5dL1B7FBOv1cY2LPRmCjmyDo%2BcKZOy5g%3D%7Ctkp%3ABk9SR6zMq9bXYQ&LH_Auction=1
Nintendo Switch OLED Model HEG-001 Handheld Console - 64GB - White,Parts only,56.0,6 Mar 2023,6.45,62.45,2023-03-07,https://www.ebay.co.uk/itm/155429761375?epid=5048310008&hash=item243055f15f%3Ag%3AGaYAAOSweTZj%7EI%7EQ&amdata=enc%3AAQAHAAAAoPS%2BtvgwjWvO%2F5MNgIBn2p8a9ShQKlMiF99Bj3rOnG1NgjVn1J5wU3HSNqj4rJOtihwIf%2F2RyQxp%2FWktoMXJyU37td83BBbNTerDON1SRi8e9rtjwsFHqYS%2FbcSOkD7gFHcwGjM2GuGsqLzdGM1rXlCUpXg%2F0yq%2BrDZHQiJ4AiEwPpDvO9P%2Fwn0WruP7rAIwZH5IQXxyrvHKZ8vtQ8Ay3K0%3D%7Ctkp%3ABk9SR6zMq9bXYQ&LH_Auction=1
nintendo switch oled white console,Pre-owned,235.0,6 Mar 2023,6.95,241.95,2023-03-07,https://www.ebay.co.uk/itm/314429145035?hash=item49356fffcb%3Ag%3Aif8AAOSwbxRj%7EIwW&amdata=enc%3AAQAHAAAAoGDtAXCFDGju1kfu1BZ7mWdMAHIOvBJh%2F2%2FO%2BzCPNXNTfLLWU2HtEm3UKGwTVN5%2Bt3EXWWgeCJYa4%2F7jM2PRRK9adOEnrygg5yrTAIlHbwDyV3RUoSlD5%2FJ3q%2BB8GohSavJiciurw4N6K7auDUVgC6cc8t7asNCErVICC0UZFHOnCYaFMNVP1rphJSSkmTkukPiJ%2BQLXfdbFiw7Odzn2SQs%3D%7Ctkp%3ABk9SR6zMq9bXYQ&LH_Auction=1
nintendo switch oled bundle,Pre-owned,250.0,6 Mar 2023,8.95,258.95,2023-03-07,https://www.ebay.co.uk/itm/266150961389?hash=item3df7d560ed%3Ag%3AXOMAAOSwICtj%7EIKZ&amdata=enc%3AAQAHAAAAoMFAGBKh%2BjZ1cti4fckDra9btOFYSyyKlWDrnVIQZnQrmSysw4FGQRkqpWBcBv7dpKWBX0bIGY6Rp81LveZ5A%2FzzUjdlhA48djtHVSSMYB3YZ%2Bqbd0to9g%2F3%2F%2BoYil198lJgdRL%2F2uzwmy02eKxYGd%2BFwEfvObT%2BndaIK%2BhkrOiSmp9bDTiqT%2BzATJZsC0NOcmgbX7b6Z1VCqqr7gEM2A1c%3D%7Ctkp%3ABk9SR6zMq9bXYQ&LH_Auction=1
"Nintendo Switch Oled (White) with dock, 6 games and Pro controller",Pre-owned,340.0,6 Mar 2023,7.95,347.95,2023-03-07,https://www.ebay.co.uk/itm/404186849479?hash=item5e1b69e0c7%3Ag%3ASDcAAOSwYCFj%7EQGO&amdata=enc%3AAQAHAAAAoIOF5MzUqhNbTokBVLds8LRCe4DCDYJj1ERhAfQ3p2z8lRCUcTmyFZN3MuMQZu3g4ZcbPwp%2Bcp%2BOJ2grEMZcTY7Sku3TWkBM0CnqXaTaRFNWK8omMbheaZyEiF18ni02qxH9eq2h1A%2FD6R5dBPRa%2Fcrl7SX3EKfiBB%2B13iaC85ss%2BGi%2By88Eh5kAyFB0U4ljJw5DK5D%2FEYF%2BpCrpM%2BZw8FY%3D%7Ctkp%3ABk9SR6zMq9bXYQ&LH_Auction=1
Nintendo Switch OLED Model HEG-001 Handheld Console - 64GB - White,Pre-owned,253.53,6 Mar 2023,26.53,280.06,2023-03-07,https://www.ebay.co.uk/itm/125792880933?epid=10048191653&hash=item1d49d70925%3Ag%3AQBwAAOSwYadj3u%7Ei&amdata=enc%3AAQAHAAAAoM0xx5hmSm7vO5Yk0yrDuwr0VEUN4aYlLXudyesW0vqPn68LYTea0UpguM3WN9gQSKMXLbogRwc%2FWvywRRNLEdoEFWStfUV61S7YZxohO6CO9Iboa1fBa4SP%2Blp%2BXECBWogJOwp%2B1MtKEaE5M5r7v1GsPAfcGtcWprx%2Fl%2BFfvyY%2FKILNDcBGryAiAB4HhZIwBVsClnXS4ahIJpdaUCtSm20%3D%7Ctkp%3ABk9SR6zMq9bXYQ&LH_Auction=1
"Nintendo Switch OLED - 64GB - White, with extra custom joy-cons and more!",Brand new,266.0,6 Mar 2023,29.6,295.6,2023-03-07,https://www.ebay.co.uk/itm/255990493644?epid=10048191653&hash=item3b9a38f1cc%3Ag%3AL7cAAOSwaOVj65wt&amdata=enc%3AAQAHAAAAoIz0f43UvKTmogFUGDKhHDGqUEffAgnwuYolV2tSVG3ZKPGLVjcePL11fP%2BJRwBeTo9Vkf7Z%2B1Ylcai%2FCsXOk1uCnS1v%2BeTXBO840SbMIM34FWA1s2Rge4%2FXTMu8PiC4fZpXpesovWmPjtV3G8%2BkSDdBBaiKGlTjGr4RTiYcHulpZNnbd9p6VhLX3dQ2IM%2BJHhKBAmhwpftl7DhvoixQvAI%3D%7Ctkp%3ABk9SR6zMq9bXYQ&LH_Auction=1
Nintendo Switch OLED Model Pokémon Scarlet & Violet Edition Console New,Brand new,332.5,6 Mar 2023,17.46,349.96,2023-03-07,https://www.ebay.co.uk/itm/234918472996?hash=item36b23b6d24%3Ag%3AEz0AAOSwV0Jj8262&amdata=enc%3AAQAHAAAAoAUhZBJfzANfsvM%2BdBjAv63mcCKxRPfeAYyeqPWXS2pARP3q9GzNyC4IbUlj1tQSMXbQQ71a8shFuEmbE5Er2tWvy%2FeTaz%2B4HsTixBSV8WvCd966lYddUFaQpw%2BVKIFv7mpYsXCKp7jcDahh6EEobH9v487GBQTQP6X78XkJZ26lOCnpZcCaU7CQsqnU%2Bci%2BwuMT9BScoViJT4SbS%2Bx6ikA%3D%7Ctkp%3ABk9SR6zMq9bXYQ&LH_Auction=1
Genuine Nintendo Switch OLED Handheld Console Only Model HEG-001 - READ UD,Pre-owned,177.06,6 Mar 2023,14.28,191.34,2023-03-07,https://www.ebay.co.uk/itm/134469649640?epid=10048191653&hash=item1f4f0404e8%3Ag%3AehIAAOSw6w1iOiil&amdata=enc%3AAQAHAAAAoLAPjKCRYdalIBvhuqoeQalkKYB3hloZt7bA17vokQXoeqeLw1diVj%2F%2BjSAJSWMco4H9r8G8j4MN9xS0RxoutKeWvuhaojF2ijeJIag3P4LmW7aR2x4%2Fkeewd2j5GFEaLVk5UV%2Fllwkf%2FkUq7wLLu%2Fjm%2B1ZaavVTCVXKKbtHnig3K9Q5DhMBtmpOqP%2BmmPwLGMJ5WlgRicvq3rDmqGo5wk8%3D%7Ctkp%3ABk9SR6zMq9bXYQ&LH_Auction=1
NEW SEALED NINTENDO SWITCH CONSOLE WITH WHITE JOY-CON OLED MODEL HEG-001,Brand new,286.78,6 Mar 2023,70.52,357.29999999999995,2023-03-07,https://www.ebay.co.uk/itm/295547642514?epid=10048191653&hash=item44d0032292%3Ag%3AkdAAAOSwthJj996Q&amdata=enc%3AAQAHAAAAoMdkpL6SusFO1ctbYCvjbhZBVFWfHAfz%2B7xLvb9xXJXIjatR9cHmrIXzHuq3BrwrK58D9MMU7bxzZYPWqznTGs6sHdsSSkQsUiaqNSRA9luJo8idHn%2BmNE7W84OqviAegS%2BynqTodwrDFAqT219uZEPqELJ6jYGTM4gWmQt31ArDtfLHhFTtRWqN4JVTcjL6XXBDIxXUfbOHkHpJmAUUMiU%3D%7Ctkp%3ABk9SR6zMq9bXYQ&LH_Auction=1
Nintendo Switch OLED Model - White + Animal Crossing Game,Pre-owned,230.0,5 Mar 2023,9.0,239.0,2023-03-07,https://www.ebay.co.uk/itm/374535382639?hash=item57340c666f%3Ag%3A37IAAOSwxzZj-78-&amdata=enc%3AAQAHAAAAoBM9Xs%2BcsRhGX0k%2BHwu4j7sOcs0M7CaPTyfCX83bnvJjHtwxoB%2Baz8o35UMjTHkmMxkfzFFc3RX%2F45ETaHfRhsC5nO6ES893ZyMcZw3%2FJ8lz%2FxboDavrEAHtIVy48tpxgDo9cAdXJJTCDM4XK3JLvnHDbey2975D2LSDDgRxH6watgEGt6XwdW0mmNB3T3DvszLnQjLD9%2F2E0vqBt7wt1vM%3D%7Ctkp%3ABk9SR6zMq9bXYQ&LH_Auction=1
nintendo switch oled console bundle,Pre-owned,351.0,5 Mar 2023,5.55,356.55,2023-03-07,https://www.ebay.co.uk/itm/394484602174?hash=item5bd91d553e%3Ag%3AGOkAAOSwhjtj-9tZ&amdata=enc%3AAQAHAAAAoGzuKV6WFA%2BppsNZEat6Djf7fo5REsa67FYi21%2FRG6RFx6mhDJpgjVgDbWGnERcAQjshqwVFQ%2BaQePMD1v9idapBRhGMIrGclKKz1TAwzIe%2BigvkuY7T7jbUxzJ3Yrf8K7WOcstfuwk8mgO%2BECq25kS4lu5YqZcvjJYhhu5RSpe8zosZIKJRJABstLx0ZEijcV13JhfTKSgrQXAAuthHNjs%3D%7Ctkp%3ABk9SR6zMq9bXYQ&LH_Auction=1
Nintendo Switch OLED Model HEG-001 Handheld Console - 64GB - Black/Neon Red/Neon,Opened – never used,215.0,5 Mar 2023,6.85,221.85,2023-03-07,https://www.ebay.co.uk/itm/295547432582?epid=9048299510&hash=item44cfffee86%3Ag%3AFXAAAOSwRFVj%7EniY&amdata=enc%3AAQAHAAAAoNKO6hDN2mmxeshAljdzzc5bAggQc6AyJey6ADLF9fU4u1ToNzlE6wcNGalNW92kKCMXNUF8jLzdRR8qWNgZ4ni7yQ4C1BGu%2F59pH%2BfR3jE39HvQNIneSVUZL0FD0yCTpKJb7xDmwsbO2SjcvxoxXqdwCcC2uIZRV0X%2Fozlr1cI2OF8K%2F%2BqL4IJEhwwRmUFbBuzBkCI6MWDDKnjug4odOsc%3D%7Ctkp%3ABk9SR6zMq9bXYQ&LH_Auction=1
Nintendo Switch OLED Model - 64GB - Black/Neon Red/Neon (New Sealed - Free Post),Brand new,245.0,5 Mar 2023,0.0,245.0,2023-03-07,https://www.ebay.co.uk/itm/325550593303?epid=9048299510&hash=item4bcc53d517%3Ag%3AxsIAAOSwANNj6APc&amdata=enc%3AAQAHAAAAoGTXPSQ6PO8T%2FsQC63ac7ZMTnkBoxcS6ICSyfiUtwvMTXETMMtohV0YU5lvL7uSm3U85ySLaZ1YO1ZjNlH9MAZ9T1qQ7KKZfmQIO21QowQXFs0wFaOs2cMWRWHVaFFBuC2Q79748zGQasJUqzVDbsk9Gfik%2BRef02CZnp%2B7fYrKGvntEoczhZ9cjuG6gdUDPeauaA6ceEEcbSPTTXsHzPZw%3D%7Ctkp%3ABk9SR6zMq9bXYQ&LH_Auction=1
Brand New Nintendo Switch OLED Model HEG-001 Console - 64GB - White + Zelda game,Brand new,265.0,5 Mar 2023,17.5,282.5,2023-03-07,https://www.ebay.co.uk/itm/374535126416?epid=5048310008&hash=item5734087d90%3Ag%3AtewAAOSwVDRjjc-r&amdata=enc%3AAQAHAAAAoJRFjHC7k%2Ftdg4%2FgndKBipuvQD6e3H6VbNTu0BeK1J7HVBnErU1A4B6AWfia0sPIfQkxyix6bb2uWWx6zIUCPOPwDwJ59wfhVdHldl%2F%2F9pVbO%2FhSjE8oc7Vii1AiJP%2B1dBPEk8O1TSnsvaGuf%2FgDlH0HIhX%2BijTx9qOPMSeEUHnZ6ckddb4kc5m%2BT9%2B1lqTDODnip0kr6nPNVBkP9f4nmqU%3D%7Ctkp%3ABk9SR6zMq9bXYQ&LH_Auction=1
Nintendo Switch OLED Model HEG-001 Handheld Console - 64GB - White,Pre-owned,248.0,5 Mar 2023,0.0,248.0,2023-03-07,https://www.ebay.co.uk/itm/134466700930?epid=5048310008&hash=item1f4ed70682%3Ag%3Ar0gAAOSwxOxj-lLR&amdata=enc%3AAQAHAAAAoKghhEtJqa1XTbGxSPNzr2aXiAyh0FLNiP73pp55cM5ilmN4odu2NZIRVigF0jEUwmxQlz%2BWHiUbOKISPmzTt%2FOmzqfPcrAYBKrUo627Hyb8%2BWAC%2FVkGS6rpROsdXyp1GnlCAG1Ei4r83Sn%2BPyHktR9dQ5swb7TW2BmcxwgWS36yqlPI1VB7uviVkmdzDtOgZ2ptuS6UGCTnL1qRg3LPNqs%3D%7Ctkp%3ABk9SR6zMq9bXYQ&LH_Auction=1
Nintendo Switch OLED Model Handheld Console - 64GB - White,Pre-owned,225.0,5 Mar 2023,6.85,231.85,2023-03-07,https://www.ebay.co.uk/itm/115716773685?epid=5048310008&hash=item1af141d735%3Ag%3AFbIAAOSw2l5j-y%7Ed&amdata=enc%3AAQAHAAAAoCwadFrLSRLmrML%2F%2BAjib0Suj9urfR7Tejd0QDM9BnRAnKy2zr5vnoFr31pz0cpqVbxFtBi29Y33WSsha6N46KAt1pse99PA3G3f%2B26txl2PTh%2B5XBYviibPbQ%2Bzm%2FgTUH38hbyA04%2FuEBpSaMXuMUYAKbpGFTjFSSzhH%2BtsfAMpvRKusU%2FkpfJQV8VdePvNVfvxqsovumW5gwm0YdNtvHM%3D%7Ctkp%3ABk9SR6zMq9bXYQ&LH_Auction=1
Nintendo Switch OLED Model HEG-001 Handheld Console - 64GB - White,Pre-owned,230.0,5 Mar 2023,6.85,236.85,2023-03-07,https://www.ebay.co.uk/itm/195624968521?epid=5048310008&hash=item2d8c282149%3Ag%3AE5sAAOSwJ6hj6SGQ&amdata=enc%3AAQAHAAAAoKVPK%2BsOl1swwyUhi7E5v8vdgYAV1ZLWJFEFknH40JAyb8TihxPU6Pz%2BciO2ZYDDs6ElRTX2l6EUqgpH5QoMr3AZXw9FWn7b%2BAd5z4P5I0ok1puGW%2FOyhObLpy7MWpof2anIQnhms5WejpF2K6rOcAIH8%2FiegZLItxw6FvBS8MovyQWslWnz2fPaEl9n2kmCWHvX1vTAXtdnhVVbKFFW9Xg%3D%7Ctkp%3ABk9SR67Mq9bXYQ&LH_Auction=1
Nintendo Switch OLED Model Handheld Console - 64GB - White,Pre-owned,251.0,5 Mar 2023,0.0,251.0,2023-03-07,https://www.ebay.co.uk/itm/266148023275?epid=5048310008&hash=item3df7a88beb%3Ag%3A61EAAOSwbmZj-hvr&amdata=enc%3AAQAHAAAAoINGjm0lzeT%2FgyzAGLwf3HcXjDiqe%2Fh55gw0%2BIvaZTPJjzTZkbP8QzM3xeIVnRmxiE5HurMu1CvT74LZQMHxbRWA3OeV6j6m%2FcotMKarNONV6H3KAJgF%2BYoi2s9jMo7ohvFI46U94btKX7V0M9HAtO1Q2GoHX6oA5C8IiGVE60SLMTRE2WD4eqPjbDxg%2BJAccrTR%2FdV3N4maKwHBCQ1NSi8%3D%7Ctkp%3ABk9SR67Mq9bXYQ&LH_Auction=1
Nintendo Switch OLED - Ultimate Bundle - Switch OLED - 5 Games - Accessories,Pre-owned,356.0,5 Mar 2023,15.45,371.45,2023-03-07,https://www.ebay.co.uk/itm/275713441638?hash=item4031cd3f66%3Ag%3A4SoAAOSwlT1j8lyw&amdata=enc%3AAQAHAAAAoI2zDPAAPd13x5PEYJOJDYty3ctD1us3PZgQXyaYtZjNn6KKXkbkt2c3k3SIZr4TGW6UEpFG7pVcU9DBrYStVsUY1W5cxB1ktLMHmFXhuGD75Tz84412eW25wsCWQSS6xj9abFbbJyzv9fig%2BWZpH7fdmwVBZCDK8uwBo951gL021rlPGlNQT8BkqJBBFBkAFo3i5eg3zvQiTg86Pve2BMA%3D%7Ctkp%3ABk9SR67Mq9bXYQ&LH_Auction=1
Nintendo Switch OLED Model  Handheld Console - 64GB - Black/Neon Red/Neon,Pre-owned,210.0,5 Mar 2023,15.45,225.45,2023-03-07,https://www.ebay.co.uk/itm/144963218135?hash=item21c07b2ad7%3Ag%3AYxAAAOSw7ntj-3YB&amdata=enc%3AAQAHAAAAoLX96U27YjT2ftGBnQgDkypIqHycqAi3GfxLqUgU1rkSjTEAjzv%2B69p%2FujDkRoLbKV9THBYV1Sxg8hjSBjx%2BY4IUl7zHqg0KRhzp%2FZQrOVON2s8RuT4qC3s3zF2aNCgPMwOx8waCiJZ7YYc6evnv6LENLrUFA4JSlSC%2BZbY5TCmeX1bj%2F%2FzufhDbAROukg5MqAL3Sk%2BnjFWcZtjX0nqJQ%2Fs%3D%7Ctkp%3ABk9SR67Mq9bXYQ&LH_Auction=1
Nintendo Switch Pokemon Scarlet and Violet Limited Edition Console Oled Model ,Brand new,280.0,5 Mar 2023,6.85,286.85,2023-03-07,https://www.ebay.co.uk/itm/385444172581?hash=item59be435325%3Ag%3ALl4AAOSwnfVj-3rO&amdata=enc%3AAQAHAAAAoBlZPoCVNZmOqpAl%2BMEIRPwvlO3mkuOfQDGW4jUxwIYf0n9jllW7tprmgQE0V%2BikW0w6KlrbkuryuJN%2B2r4xxN9jDE9lppflnfDstIU3OTzkOmvBDg%2FACYQe3eErOkQEy791rih2mcb2%2FsMpNQYjOI2NYr0CNkzB8iBNv4zfC3H%2BJicasea8nTzged9xtLjRlTCys9RMye8vAi4jaVzC9vI%3D%7Ctkp%3ABk9SR67Mq9bXYQ&LH_Auction=1
Nintendo Switch OLED Bundle - 64GB - White (3 Games & Official Controller),Pre-owned,311.0,5 Mar 2023,0.0,311.0,2023-03-07,https://www.ebay.co.uk/itm/275713092576?hash=item4031c7ebe0%3Ag%3AyJsAAOSwEp9j-3jn&amdata=enc%3AAQAHAAAAoLp0qS7X8NJXgdbqcbFYcVM862oHjzJd2BuEy5BcnBKLW2eU1ny2Oh%2BG0REoDVhhuqZK%2Fcev6%2BhXIzzjTiUXveKi0CLn5Ch7llA1q%2BqDpiUHKxIlaY2CTIZNnec003NoxWVgyDkqdWRq2udyuGQhH8cfp%2F%2BJV6yG5OdNHuZRac6gf0YD3leQRVq0WQ%2FA0YpgXuVUaw4Hnp7FYFgq0ycp7qU%3D%7Ctkp%3ABk9SR67Mq9bXYQ&LH_Auction=1
Nintendo Switch OLED Model HEG-001 Handheld Console - 64GB - White.,Pre-owned,261.0,5 Mar 2023,9.0,270.0,2023-03-07,https://www.ebay.co.uk/itm/195637211157?epid=5048310008&hash=item2d8ce2f015%3Ag%3AoOcAAOSw2W5kA1P7&amdata=enc%3AAQAHAAAAoMdAbYH2vjBgBUGhb9SyMhzIC7Z77a5SnLfcrEGUBobH0%2BfOaVzSUlj3z1H3BWF2T9koqCQVwWG%2FB%2FZHp%2F38Nlja95325PGJk%2BPeNu6E8KYYtfo6K0Q1%2BOp1yN%2FGlFu7royrO4tfHx%2BqSiR46k0Q37pY27fsRGbMSl4i8Xku2SJQImXMJbWFZjSsavEbnaQjwucnieuxEoX9ANeLpC6n2ic%3D%7Ctkp%3ABk9SR67Mq9bXYQ&LH_Auction=1
Nintendo Switch OLED White 64GB with assasins creed game ,Pre-owned,230.0,5 Mar 2023,6.85,236.85,2023-03-07,https://www.ebay.co.uk/itm/185800680889?hash=item2b429565b9%3Ag%3ANakAAOSwZgJj%7EHzp&amdata=enc%3AAQAHAAAAoINcKiwSuUKxTAQ6lvEYFKbk%2F40Cr5QrNAQ0JzrW8H6qDZjZzmpRaw3zYJnpcTFAnddhggP5pavcqXuaawKi1oCquAxAH9x9ZA3cCc1%2BdDfuHlyUu2axqnhObezB9Qkxut84NW0QLM7C4aTKG%2BvtTeObWflqFzKDZ1rh1z%2BX2z8igujmquA24Nme0AS7B9gunThS0sMqqJZWwB06xBxZoq8%3D%7Ctkp%3ABk9SR67Mq9bXYQ&LH_Auction=1
Nintendo Switch OLED Model HEG-001 Handheld Console - 64GB - White,Opened – never used,250.0,5 Mar 2023,6.85,256.85,2023-03-07,https://www.ebay.co.uk/itm/134466256012?epid=5048310008&hash=item1f4ed03c8c%3Ag%3AoEwAAOSwlkFj6NkD&amdata=enc%3AAQAHAAAAoCFdZzgjSrOzYRQ5D6q1FSc7a7BhEHL%2BTj8DjMPvvkNF3XQ8lhE5p8hAbctlJYoGE3LtGpJ3woO9tbjswNi5ovquUhimIBN9f%2F6hl3Mw9JHZmPWu0q8l0ImpPRZsVH1ZDi8nlJ98hnRMaIZF%2F9t1fflxW71U4uIgQMdlPXjfj6pmdn0shkwZS4OHXRqUnrMd%2BtV95U8zkW%2BaJi5sIYu1lZU%3D%7Ctkp%3ABk9SR67Mq9bXYQ&LH_Auction=1
Nintendo Switch OLED Model HEG-001 Handheld Console - 64GB - White,Pre-owned,233.0,5 Mar 2023,9.99,242.99,2023-03-07,https://www.ebay.co.uk/itm/374534460917?epid=5048310008&hash=item5733fe55f5%3Ag%3Alw0AAOSwsFxj-zN6&amdata=enc%3AAQAHAAAAoL93p6gmwKs%2B9cgw2Abx%2BnXzl8xBAvIS0kRHNeob5RfYlBzenA%2FfTKtWeajqtpAfHNyKPSzQNW0e4iYatRHpL1CpfkN2kZo%2BpP30x61Sh3Ia91z3qq8uM9UrM0EThWAL8ZFE%2Bb7etMT3GmjwZAgJpPVwUMu%2BtU8pN1nNdw0TG27scXCX9RAH0O%2BkQtusaoCIOtXlInVHau%2BVZfTv9q3C9W8%3D%7Ctkp%3ABk9SR67Mq9bXYQ&LH_Auction=1
"Nintendo Switch OLED White 64GB, plus 4 games, pro controller, 128GB SD and case",Pre-owned,360.01,5 Mar 2023,10.0,370.01,2023-03-07,https://www.ebay.co.uk/itm/175629489017?hash=item28e4555379%3Ag%3AEDQAAOSwmEJj-zVX&amdata=enc%3AAQAHAAAAoD736BaDmUNc%2Bhg3v9HycXgu73x%2F1AUzvUWMde%2FRw9nmaSlvsa8g%2FV%2FswJvXQOlZI%2BVBeBUgbUEms15Zn4zDKOYGW7HtZItbmKfbV4%2Fy6IqAYpKdLph9DFnfDRlbu2Ij44JneBGDeNWAyi7Vh9OOjAZt%2FYJVqbHruBvU51fC0n2DjhVTSMRD12DAoUKOCSRU1cSFhkOO%2FeuavRSPIHfbQ8o%3D%7Ctkp%3ABk9SR67Mq9bXYQ&LH_Auction=1
Nintendo Switch OLED Model HEG-001 Handheld Console - 64GB - White,Pre-owned,230.0,5 Mar 2023,6.85,236.85,2023-03-07,https://www.ebay.co.uk/itm/394483767300?epid=5048310008&hash=item5bd9109804%3Ag%3AwJcAAOSwVn5j-ztc&amdata=enc%3AAQAHAAAAoA8Gg69qwLAIBB2byoEeA2VmmHvlA5ejQK24A5BE2x3ok6Oumv7BxdRdABTJQUNwfJO%2B7OjDEW3i3oIyWnuk%2FNzZ4JyMI9GUJcwTpyT3jA%2BXZGFTDDT6yl1lQtpZzmzyAPmuqcqmsQ17tENmDnqT9eQ%2F%2BhqWLsm2jqSi8UvzaK0ArcZXeQBsPxASaVur55%2B8zDPHzqeAD1N6hciB22NoUDM%3D%7Ctkp%3ABk9SR67Mq9bXYQ&LH_Auction=1
Genuine Nintendo Switch OLED Handheld Console Only Model HEG-001 - UDAC READ,Pre-owned,140.15,5 Mar 2023,16.05,156.20000000000002,2023-03-07,https://www.ebay.co.uk/itm/204258873172?epid=10048191653&hash=item2f8ec70f54%3Ag%3ANBcAAOSwSzVjrGjD&amdata=enc%3AAQAHAAAAoATwlP36UQ2VibIgUeDK72fjfalSWdHPS7Afz06ShvVs57E3a4hRdofU%2FK7yCowbyy0eMyAawcxjApwIwqCxSO%2FPzhGR2sG%2Fq7aR2cipHLLb5ZwLAhXEVvHd0htsrMhb%2BSVUhk4oaYbNcJRl860ESVxlS1oUUbEELy8gLVZOMPEqXLNPY5pIXQmp6fVokr3vSONXd61yeQeMfyg72PVS7MM%3D%7Ctkp%3ABk9SR67Mq9bXYQ&LH_Auction=1
Nintendo Switch – OLED Model Pokemon Scarlet and Violet Limited Edition,Brand new,262.0,4 Mar 2023,6.85,268.85,2023-03-07,https://www.ebay.co.uk/itm/204256493464?hash=item2f8ea2bf98%3Ag%3AEK8AAOSw7CBj-oB6&amdata=enc%3AAQAHAAAAoGBVAiDZ15LOlNm6PiIBmLxkwhB2qBPUUkVuetBYQ7c%2BsULPV4%2FCPQk7dLUDVApX7zw93OPuIqHRffg1SpaGWingqAe%2BPOE7QbNPQ7zEjVYhkG7zTpXplHXX0YVmvh%2F7ufLctxkHqLfVVzAT4LhvEEq3%2FNCqaRXoXzwLJUqabtg7upVw1g4oFQU1N1%2Bl8gDdzPvb05QibIp10vVd6JCgp14%3D%7Ctkp%3ABk9SR67Mq9bXYQ&LH_Auction=1
Nintendo Switch OLED Model HEG-001 Handheld Console - 64GB - White,Pre-owned,240.0,4 Mar 2023,10.0,250.0,2023-03-07,https://www.ebay.co.uk/itm/165957660188?epid=5048310008&hash=item26a3d8ee1c%3Ag%3ATf0AAOSwsh1j-nSs&amdata=enc%3AAQAHAAAAoOL%2FnCtIGL7j07feeC7dmygcMt%2FRQ1TINONZWgaeqrJPkeAB1add2KGHjg7R4PrfZXX46rNyziOPxA%2BGXB51jXaO4nY%2BUswKMvPeK90ITUy3aVaMs815exSVxHc5oJO05ZXlmIwwSRU0FfsSVnS0a%2BHPOJkT5NaR%2BVoRl00o60ObAXWOO88biHyjlxlWPdf55zry4ZGhHsMDeAtkr0614Dg%3D%7Ctkp%3ABk9SR67Mq9bXYQ&LH_Auction=1
Nintendo Switch OLED Model HEG-001 Handheld Console - 64GB - White,Pre-owned,205.0,4 Mar 2023,0.0,205.0,2023-03-07,https://www.ebay.co.uk/itm/266148135440?epid=5048310008&hash=item3df7aa4210%3Ag%3ArfUAAOSw6Ddj-iyS&amdata=enc%3AAQAHAAAAoEbNkJhwTvYsKsVy0044egMrQLDz6QC0OhWh0xq6qtWXFQi7EQ553JVtzJHPL2QK%2FussOPCEQpxmpzj2sz5yTVlAGj8QlT8KCAeE7ghTzn7rNaFC5vVTiGrLeVkkljXnrtdFYEUahp10HibqRdeANXoyylX1M9PbIfpG61pRfVSsRZuvnchpUVtlyhvmEKNvCuq5NCSLMGOYeh0XyW6aqbE%3D%7Ctkp%3ABk9SR67Mq9bXYQ&LH_Auction=1
Nintendo Switch OLED Console -64GB- White +256gb SdCard + Nintendo sports + Case,Pre-owned,235.0,4 Mar 2023,6.5,241.5,2023-03-07,https://www.ebay.co.uk/itm/374533327887?epid=5048310008&hash=item5733ed0c0f%3Ag%3ARIwAAOSw06tj-k6t&amdata=enc%3AAQAHAAAAoLDEmlCP0BsFAHE2PqhZrFZ0dsU2zkfLj9eLWLTLH0v805OnXxr2vINsEGcrdpaTc2n%2BtwNFjPUeqNF%2BLbG3hnRnDCSfsPwbgnrdPxoC7eke8N2qYNou014qroC0ktgK5RcDxakrv0IIWbvdHmCqyHas3Bc0Tm2tt2SjkvyN1FSiszetmALgtKj9AHxvpDZdW2ze6gT2IoiRdDL3Taq%2FUUk%3D%7Ctkp%3ABk9SR67Mq9bXYQ&LH_Auction=1
Nintendo Switch OLED Model HEG-001 Handheld Console - 64GB - Black/Neon Red/Neon,Opened – never used,235.0,4 Mar 2023,0.0,235.0,2023-03-07,https://www.ebay.co.uk/itm/266148023271?epid=9048299510&hash=item3df7a88be7%3Ag%3AlssAAOSw%7EQ9j8-yQ&amdata=enc%3AAQAHAAAAoElywnz1McEDvfvAFe4GvQLZFC6AbOyaicKnFYv3MaYfTbSomttKJjPDHGVvfi1RmhruYUb99OJc2eoo%2BoXj2F1Z43nlodagFZODjwihxoRFZ%2FxvJi8IZP7r2%2BW7g01wXfsH9jufwKTsOE6ugHb1DLr6PYhaYIqju5dApioibwiNO7jdoRRzZUcXsEDt4z4phGCWsOAb2cvZu3m3K%2BkBE1E%3D%7Ctkp%3ABk9SR67Mq9bXYQ&LH_Auction=1
Nintendo Switch OLED Model HEG-001 Handheld Console - 64GB - White,Pre-owned,245.0,4 Mar 2023,8.05,253.05,2023-03-07,https://www.ebay.co.uk/itm/225447153267?epid=5048310008&hash=item347db28e73%3Ag%3AIqoAAOSwoy1j-krK&amdata=enc%3AAQAHAAAAoC3tgRdXjQ%2Bq12ldrSIvWzh%2FhtJZCkeu98k3cV6sWyo5r5vxNQW3xW5%2Bf34rq1VJ5I8Kbr7xs9d437vb6IbB0K0kk8qGs7tc9GRLLnZPTKHadsVrCrdFAH3%2BcuZHo3PeWcOQS3esLLucDgAslTft1VLib2i8yrHSLPNvICqLf%2B8x7LReqC7z98O3FsjkAZuCcgxz6C2dh5eSkc16huxtFmw%3D%7Ctkp%3ABk9SR7DMq9bXYQ&LH_Auction=1
Nintendo Switch OLED Model Handheld Console - 64GB - White,Pre-owned,215.0,4 Mar 2023,11.15,226.15,2023-03-07,https://www.ebay.co.uk/itm/285160597666?hash=item4264e568a2%3Ag%3Ak-YAAOSwVQpj-kRr&amdata=enc%3AAQAHAAAAoBkBy4HymRyK1zDnKodeFNb62SxbN1Kgn3I4xdtGBYfasJCmelIY%2FSQNvKNtvQy%2FvF%2BmDi%2BH%2FR9bK5crbgEOSH9TAMoRQ9UNo9pWo9lL0QLI0pvi%2B5zQ4wuRq83tGu7ddtL0aopwOK2G05YvqCcIRREwyR%2F%2Fips2quNknbnmuj%2BdRcHkYP%2F9yPBYQpuEZbkwS3LBvRt8Iaj20w%2F6UtV9s4k%3D%7Ctkp%3ABk9SR7DMq9bXYQ&LH_Auction=1
Nintendo Switch OLED Console - 64GB - White inc. 2 Pokemon games! Great cond.,Pre-owned,251.0,4 Mar 2023,6.85,257.85,2023-03-07,https://www.ebay.co.uk/itm/125801191922?hash=item1d4a55d9f2%3Ag%3AunUAAOSwFClkAiAN&amdata=enc%3AAQAHAAAAoNHRtYzuKBVrG4QLiSCyiuCy%2F1fLoX1a%2FhtPvR4KR7c1fWmHQI1P%2F7q4wzhki02qkjP%2B%2FnzD4kIIBCVP7JwU1olvR7kFo%2FwvAStXuHRZgzJY14QYWmZGKnMIsac0FaIa%2B6Sdr7wfZSp5yAI0XfK8NhrmdD3HTug9Sd%2FBX0hs9ikcuTgDJTTt3H%2FPV50tbpTKHYHKAgi9inqM6UuryIRQd2k%3D%7Ctkp%3ABk9SR7DMq9bXYQ&LH_Auction=1
Nintendo Switch OLED Model HEG-001 Handheld Console - 64GB - White,Pre-owned,205.74,4 Mar 2023,30.64,236.38,2023-03-07,https://www.ebay.co.uk/itm/195630819125?epid=10048191653&hash=item2d8c816735%3Ag%3Awf8AAOSwzLpi%7EjUz&amdata=enc%3AAQAHAAAAoOwSU1IoE%2BjE1tP4knjZ3TeD5CxDKNTXxNWZeDk6XRjrk4VI7CCMeWDQKoUB9kA1dLCQcQYCZZ3O8ox%2FIm3J25iyPEGCoACpKfGVcTTnjDYqjSPGpmLr6fYafPRRfhCot83Gi7OCLfCBTGlEukagivwbzg6sX9GFJApX03Wks4qPVE97zxvULT9O07ygZ%2BYaLimo663EevnuDm7hll2BeXU%3D%7Ctkp%3ABk9SR7DMq9bXYQ&LH_Auction=1
BRAND NEW Nintendo Switch OLED Model Handheld Console - 64GB - White,Brand new,255.0,4 Mar 2023,8.05,263.05,2023-03-07,https://www.ebay.co.uk/itm/266156863640?epid=5048310008&hash=item3df82f7098%3Ag%3APssAAOSwLAxkAMr-&amdata=enc%3AAQAHAAAAoLPl9FLO0I8KUDNIsL%2BNhC8rHnA1uJusFNGQB6OXuqvuXkh1x9X8qzEJkhj5dX943SB8D8%2FqERV%2FA7pCtfuObDOyGhalSO%2FIU%2FMmO7mLz6aTRjJ8mqW5J16iZdsJE5q66RnIQLDWjGl0DaEK07XvgOlaCxhXiaUlH8CLktMMsTuJcC61iHCjGkQf6hEMEOBaYrSZmaLKydz2t4Lp%2BOqkoxo%3D%7Ctkp%3ABk9SR7DMq9bXYQ&LH_Auction=1
Nintendo Switch OLED Model HEG-001 Handheld Console - 64GB - White,Brand new,220.0,4 Mar 2023,5.35,225.35,2023-03-07,https://www.ebay.co.uk/itm/394482214601?epid=5048310008&hash=item5bd8f8e6c9%3Ag%3AppAAAOSwCSlj-hxr&amdata=enc%3AAQAHAAAAoEyJmdqA8Dwmofq9Sbyp08Ak7FFN1wMg1AWoWSFedmWFNBc0%2FeZA1KWV7UXfUB1Rlkv5%2BLXfBDZ824YrcMZcUvgmxA5jegvN7s2bMfcA%2BKYvNowsISmZ7gi0PkmFTerdoKj%2BWJBnFg3FYBOtFec2vM5%2Fx3wXula4RBLB5VsrKZSrX3ryFeB7GeLxdoRQuiA%2FzewrZgHUIb%2BMJnc6PCwLzek%3D%7Ctkp%3ABk9SR7DMq9bXYQ&LH_Auction=1
Nintendo Switch OLED Mode Handheld Console Red And Blue. With Mariokart 8 Deluxe,Pre-owned,220.0,4 Mar 2023,9.05,229.05,2023-03-07,https://www.ebay.co.uk/itm/195630642373?epid=9048299510&hash=item2d8c7eb4c5%3Ag%3ATnAAAOSwNkJj%7EPiX&amdata=enc%3AAQAHAAAAoALIiWDgZmY%2FeAV8bopWxMyk%2FTmAzog%2BAZC2M1IFX5sVf%2FvIXETy7Qb6iiR0SRKOOOeWJBWd9NsB4MCot01cr72aBl%2BIS6K%2BybmaIPjlDVpD5fZMf4CnKHRdV1ezLr1aKEdZOUVW1d6yS6FTCvn9pQp0L8n97T9N3BIF0K1Mxzbg2GA%2BTYRcRVhzEHNAOSp3BQDIkRQK%2BpaDzKXxe6N5dOE%3D%7Ctkp%3ABk9SR7DMq9bXYQ&LH_Auction=1
Nintendo Switch OLED Handheld Console - 64GB - White Plus Case And Cover,Pre-owned,229.55,4 Mar 2023,15.45,245.0,2023-03-07,https://www.ebay.co.uk/itm/134465139146?epid=5048310008&hash=item1f4ebf31ca%3Ag%3A1ekAAOSwZgJj-hIt&amdata=enc%3AAQAHAAAAoJS3%2FVRksx76H61iUOvoKiYdElRh01EbaycT8yNl4f1%2BD1dTkKaYdE%2FgO%2Fc8iBfWOLHF10qC%2BQ4YZ7QebFHMi%2BHyHkLmn8YC0ehxeTSIPnTF08bRvVs0NmWmaraA2bSbBdNJ%2Fxhyd%2BZs2uBsqjAmvFQrs%2B1RDrzRerW%2Buu0ynfI0JbyUWIVAE6JQAMUD8%2F8sqVMGFkC6KMD%2B3t81Fmgcvp4%3D%7Ctkp%3ABk9SR7DMq9bXYQ&LH_Auction=1
Nintendo Switch OLED Bundle - Used Great Condition,Pre-owned,340.0,4 Mar 2023,5.2,345.2,2023-03-07,https://www.ebay.co.uk/itm/295543157233?hash=item44cfbeb1f1%3Ag%3Ac6kAAOSwpRZj-fJ1&amdata=enc%3AAQAHAAAAoISh1s9OSFqm%2BDV1okbQsCj9Q6D1v6Rp5dak6dq3qPbgeGH7CUUGUwIkrcQGbdQWoZwR%2FSnKiWBZDKVqMB2oqpMdtS5bIpBZl31trCc%2FzAk6rluYLlfyTAF7fi%2BXueoIF%2Bf2gYIzIQxdeVc4WeaFcDcuNHXpwe5dYLJy%2BOPtPrLovkH0gtsekMC100JkZn%2FIXVHOSnc8OawZO%2F569zwCk6U%3D%7Ctkp%3ABk9SR7DMq9bXYQ&LH_Auction=1
Nintendo Switch OLED Model HEG-001 Handheld Console - 64GB - Black/Neon Red/Neon,Pre-owned,205.0,4 Mar 2023,6.85,211.85,2023-03-07,https://www.ebay.co.uk/itm/314424539226?epid=9048299510&hash=item493529b85a%3Ag%3A5ZcAAOSwsSxj-fIm&amdata=enc%3AAQAHAAAAoN%2Bn%2BWRngDJUfUUKqnoNAOjys%2BEbb7ex3Jlw2A17bT%2BD2pAW737Sjw6xc8vxDW8%2BQ%2FUyvBy57jdWoF6EPkBgzq0wcVOXsTC76Q45bjB1fsN%2BM%2FmUvHwKz3g8za2ZPtzfkPUl83TY1MU%2FzSUbDT%2Bl%2BB2leAOEunwAeW9ev%2F8mtccxVzW6bqfckBvcJYAO0e2Ho2JksTdbokRKGW4AHZRGFNQ%3D%7Ctkp%3ABk9SR7DMq9bXYQ&LH_Auction=1
Genuine Nintendo Switch OLED Handheld Console Only Model HEG-001 - READ UD,Pre-owned,140.48,12 Mar 2023,13.66,154.14,2023-03-12,https://www.ebay.co.uk/itm/134478493082?epid=10048191653&hash=item1f4f8af59a%3Ag%3AehIAAOSw6w1iOiil&amdata=enc%3AAQAHAAAAwNd2IX2JbMge5Wnn2JQSfFBgz485V2MRS%2FNvlOin6gYjdbNAA3mEUqORz4cAsSacFZxk31tx8RR9v5aeBnAvCleLyMcqf%2Bmy%2FLppbUbc4t%2Bdf%2Frz4e50vYK%2BzrWdn2wv%2BSffg5JfP%2F47WOce%2FjP3%2BhXMdbTRWnkjayVCP%2BpUZeQbKcjlOWCJTiSIDt8hU3lIcwUA7ski5hY5vA8QJ2pfQtOiXW%2FcRm9ZvTQOwlazgyIVP57B0xvQ7MD2w3P%2BnSPEqw%3D%3D%7Ctkp%3ABk9SR-T3utLaYQ&LH_Auction=1
LOT OF 2 BRAND NEW NINTENDO SWITCH CONSOLE WITH WHITE JOY-CON OLED MODEL HEG-001,Brand new,495.82,12 Mar 2023,80.75,576.5699999999999,2023-03-12,https://www.ebay.co.uk/itm/304829840811?epid=10048191653&hash=item46f9463dab%3Ag%3A12oAAOSwRWhkAAmb&amdata=enc%3AAQAHAAAA4ES%2BYK891ym4OjVQPLtOXVfUSSSRuj8gvPlVDBJsO2sjDu4JdPvrL%2B3QlIbpCt%2BgGhytCpeMi7Mb22uOKqKkX%2FlknDw1bDykLJ5ixJdYTlVBcANaNSyHIi98plEzXnKWakBR2yxs8JZ8kberGKj6mRPmKiPUsdPZGiafccMYDf%2FmfHlrqD9L6AwOwx2T9xdCRY3%2Bsd5T8f5QxViLVCEn6OoRL8lFGRWVEacR4eM6Qxqr5RMdxWKU5w%2BEvBJz67lDglMW615hwUvY7nheGZfFdIFt3jrtOrWktxNMUojckUun%7Ctkp%3ABk9SR-b3utLaYQ&LH_Auction=1
Genuine Nintendo Switch OLED Handheld Console Only Model HEG-001 - UDAC READ,Pre-owned,148.75,12 Mar 2023,16.09,164.84,2023-03-12,https://www.ebay.co.uk/itm/125806635498?epid=10048191653&hash=item1d4aa8e9ea%3Ag%3ANBcAAOSwSzVjrGjD&amdata=enc%3AAQAHAAAA4Lj20SKg9KujCfjspcJYuFpZw3iVOvrusQywJlYHkwjl1mofmCjxbwSP8VLqXbHejx0kgCa2xBnlxqBgxjASTrdDHLXm1bd6bQfNyueLaMteRGT5tc505fMZzM4TNzzzymuTvyX0Y5w8ClAfbXDlgHaPodorZvU3ut5YCrCI3OjYmHekP9vd2x0wgy55oFz45%2BjPnNll8IkkiYYTlaZMwq2LktEis7%2F2Q9qD%2F8QpWsq%2FOUOa77%2B3mJJJ7zy7NcsXXy0wDwdoLPyTUsl%2FmFynxOR4LjDwJTVzotwcNpmYO0yV%7Ctkp%3ABk9SR-b3utLaYQ&LH_Auction=1
Nintendo Switch OLED Model HEG-001 Handheld Console - 64GB - white ,Pre-owned,192.0,11 Mar 2023,11.95,203.95,2023-03-12,https://www.ebay.co.uk/itm/255999565220?epid=9048299510&hash=item3b9ac35da4%3Ag%3ADZEAAOSwYp9kA5FP&amdata=enc%3AAQAHAAAA0JQYwkysoV93pCZTz4TdhfyMF1DPrB2IM6Gn1dw6IJHaQq27pvkVw%2F3JcLOEWp4yTyv0nDz%2BPbQ66B0gINY3f9wChND5OYG6xNp60h18mhlCjUYiX2NlYldCE1Mo1HiXap5%2Fx7uLSIGeOb1QMoLEnkC1hPNV8ALGPQ%2FtwP909ELDpXuQSRKaJIQDCDEiCegG28JniCQg1RztLZQcTi1bxkLNy9RySU3uC5tf%2BBqXt4wMRh5jRV1qGgVzUyiRgdFHh4HGImtOKiJOVo8ZADAMkZQ%3D%7Ctkp%3ABk9SR-b3utLaYQ&LH_Auction=1
Nintendo Switch OLED Model Handheld Console - 64GB - White (Read Description),Pre-owned,255.0,11 Mar 2023,15.0,270.0,2023-03-12,https://www.ebay.co.uk/itm/394489736015?epid=5048310008&hash=item5bd96bab4f%3Ag%3AXscAAOSwKmVj%7E5Ln&amdata=enc%3AAQAHAAAAwFjpaa8TCyZlzNT1m8JIVbqGLDaHxlxrCjlqpc43c7M%2FN9qRR0C5WcQvBP%2FSH0MyZP1VFsLWGscfLnnZzV70XqmLyTEPiCnnOSOKnA6Q9MLHSdqYIAlv9b9wNfldbI5P78NDn%2FQFQ8ItPiStPo1X4MTAjJKisnxbrWNo9f6rLm9Ok373K2%2BlerREexw2Ge9kcTZaClSiK%2B2QFz%2By50jLmmNXcwRbH3SFgx1nlQ%2BNWAnKM8SsTnDc2LqyvDdMjmnKNw%3D%3D%7Ctkp%3ABk9SR-b3utLaYQ&LH_Auction=1
Nintendo Switch OLED Model HEG-001 Handheld Console - 64GB - White,Pre-owned,240.0,11 Mar 2023,11.15,251.15,2023-03-12,https://www.ebay.co.uk/itm/295552657734?epid=5048310008&hash=item44d04fa946%3Ag%3AMvoAAOSwzQNkA3Hs&amdata=enc%3AAQAHAAAA0DsjDa%2BaUWMTGEfNQcBDY3oBuGCTJ8qxwUbYUkzTvZJHhS8NiXSSrP3fhdtzYmotkkzDylk6rueC2gsgNHOXeFEFp3nGOnT1QKtCaZExjXk6cG7VxzJGnpbs8yWL1A5QoVrZU8NoBtlkeSwg5AYajW5wnC2LRSqMYFA1ojF8NS7fG9HVEaixfaXwarUF42YgBW9whYIVSQ5GsfumwzRXX%2FOso66XGykxEfe%2Btq1INXNZV9WuFG1YF1q%2BGNy6m0PSOJ235YecjqaIzVgW9iVzfas%3D%7Ctkp%3ABk9SR-b3utLaYQ&LH_Auction=1
Nintendo Switch OLED Model HEG-001 Handheld Console - 64GB - White,Brand new,239.65,11 Mar 2023,26.16,265.81,2023-03-12,https://www.ebay.co.uk/itm/175643285913?epid=10048191653&hash=item28e527d999%3Ag%3ApqQAAOSwUSdkCKFA&amdata=enc%3AAQAHAAAAwGdY1AaaENfeLER6actunHzW3ZCWkT3TFyIYqflfwcvc3qMcCY4HfvR9PdIOt2MEUbUDPiDAJMng3IXXkVEaMLl%2Bou0LhpX%2FHvHK21McafFOGdghzLGqhbq4oxvViPL%2B6TLokoW86Zk6L%2FLdwRGlyyn87idDV%2F5qcpdyInWC%2B1kumq230XWNakAmWA5fKeKnW5iPdkNprxUH4UMM6F0mc3g84T4GAB3iXRuGoey%2FeHmJExsn1FeMylI%2Fd4pAyPCnNg%3D%3D%7Ctkp%3ABk9SR-b3utLaYQ&LH_Auction=1
Nintendo Switch OLED Pokémon Scarlet and Violet Limited Edition NEW,Opened – never used,275.0,11 Mar 2023,0.0,275.0,2023-03-12,https://www.ebay.co.uk/itm/404196807809?epid=13057347756&hash=item5e1c01d481%3Ag%3AeNAAAOSwm2VkBwdI&amdata=enc%3AAQAHAAAAwF%2BojkCVze7PGwlR3HaifOQr8bcI%2FfTkiWbUDvmWn%2B%2F4%2FNVeeeANWfBZVbdweiYybZ2fTMrTfDC8Fm1Nhq1eERF44UILUzTFoqRhoeyXuknNXRRX%2FNE7Mm7Z%2FcWBXhat7l3WccHEGFw9oint5X43%2Bnmy8QAym%2F5SSxQJxqLGRck0Qxz4x4BL0uwZFJGCbrmfrTqog0BZlVkFRz%2BIYqN%2BnYcnXm8yRXcZoXXFiBPQ9y3JA2gwlnSoyEhNbDvFb8f1tw%3D%3D%7Ctkp%3ABk9SR-b3utLaYQ&LH_Auction=1
Nintendo Switch OLED Model HEG-001 Handheld Console - 64GB - White,Pre-owned,220.0,11 Mar 2023,8.05,228.05,2023-03-12,https://www.ebay.co.uk/itm/334775041781?epid=5048310008&hash=item4df225bef5%3Ag%3AGekAAOSwlxNj8Q82&amdata=enc%3AAQAHAAAAwKsGy4tsHFuZpyaahQlR8VR%2FgwEOiIUlwKc9itfYw9FnzkBb2w6x77e4dFnT2h0a2l6Eyo4LUxyeD8baFCiQ5IlME9J8U7wbTFhWCl4lQLQQbcPyIb1qUjZPdQXHpKO03c4kio1evyD7Ho0W4zvS%2BAoPbmH4ebCOYFCgRGC%2FHafzs1oT02VN6P6EM0p%2BYH4WJqSAxX3M2nj%2FfawWeMzBtYu9e3dbX7DUtV45mNWm6tryAMJI%2FWQE5uvqec8YfZ%2BUag%3D%3D%7Ctkp%3ABk9SR-b3utLaYQ&LH_Auction=1
Nintendo Switch OLED Pokémon violet/Mariocart deluxe8/Nintendo switch sports! ,Pre-owned,200.0,11 Mar 2023,9.05,209.05,2023-03-12,https://www.ebay.co.uk/itm/404198052949?hash=item5e1c14d455%3Ag%3AchAAAOSwHrxkDEXK&amdata=enc%3AAQAHAAAA8DTwfll33tEuw1PJtBPNdXrrUMgGVnJWlQDIkRKXCMzATdfi4MiIhYstjILcEa2IUbnn8YjzntOaOssZLmUWvC97KuEtVGFkicbI1r3BLhDRanI25xI9fXORVPcEbHxd1totURi2ommCvjLKNbc5tgIAtS7PMFVItIT%2BjMbjQQRa1wdIByRvmSltfHenMuPazwq2iZJTM%2FVKwFSwwhqlCIAaYoiB4HTapPcs%2BCF6%2BCU7%2FSUAES5xfmXDqSr7zqRR8okUbOL%2BqivAs2afEzgoYB0bWgnVjH7MKn9d9WjQ6UUeW1HfVyC1PbEEs%2FC6fT1%2BGw%3D%3D%7Ctkp%3ABk9SR-b3utLaYQ&LH_Auction=1
Nintendo Switch OLED Model HEG-001 Handheld Console - 64GB - White,Brand new,230.0,11 Mar 2023,6.85,236.85,2023-03-12,https://www.ebay.co.uk/itm/295561601147?epid=5048310008&hash=item44d0d8207b%3Ag%3A32UAAOSwokRhH6P9&amdata=enc%3AAQAHAAAA0OZ7KPCCle7snQiTYG7PjZo0%2FgtkTlL4PNBjSzoQfYPn8R4GwXkPO2jmrfUsm%2B32MAXtVCvkZA4mWWL133pAT7vCUO64EoSB2ai%2FEcg7TtXHnDDLlTOb2AJlxL%2BhviJf79BukfHbPnuZIKAh%2FbfVj2cvRPbfneXZ%2B%2FKVxxKMKbOC1oWkfDz3Yg0eg02KfhHEQt0H9embQMq5Z8xvVBg9mr1ir59M1EhEjclvZHrd6tAaRkQq8OBjlB%2BpxdLp6Ip6tFLdw9uiyCTdYHgm%2BS6%2BiLU%3D%7Ctkp%3ABk9SR-b3utLaYQ&LH_Auction=1
Genuine Nintendo Switch OLED Handheld Console Only Model HEG-001 - READ VG,Pre-owned,165.69,11 Mar 2023,14.04,179.73,2023-03-12,https://www.ebay.co.uk/itm/125808362528?epid=10048191653&hash=item1d4ac34420%3Ag%3AehIAAOSw6w1iOiil&amdata=enc%3AAQAHAAAA4HjEpoqVJXH%2FwGMkbJeAicNC%2BAqrn82e%2FpjH9nITAy8RQ5quxh4prG41Je5EU%2FnY9FxXL9jYztmYzMVT2k%2F9PT8jtX9zKw9sJWb38%2FMtC9HbhyCbussjRpWTpSzo4AiwuMHvVtwK86kD6zlgviMT25EFdWos06XzKRtD1MqUAQi%2BXPs0KrDNaEGesSgRnTk%2B9JD36LwDud%2FA0Y520bEfoyEYG1%2FwzLaahggFxVmpi8k6%2FszcrCcx%2BQOKY00tBDfP6Gs%2BJnGbovgEJ3DNKzP%2F7%2FtCjrL5dX796DTJrJBhul8d%7Ctkp%3ABk9SR-b3utLaYQ&LH_Auction=1
NEW SEALED NINTENDO SWITCH CONSOLE WITH WHITE JOY-CON OLED MODEL HEG-001,Brand new,256.18,11 Mar 2023,70.1,326.28,2023-03-12,https://www.ebay.co.uk/itm/295554294509?epid=10048191653&hash=item44d068a2ed%3Ag%3AkdAAAOSwthJj996Q&amdata=enc%3AAQAHAAAAwE9rzNTmeCxCBtDcWIFG4D3edneNOUeNwuY7Skr%2BajMbFs8H3Hh1T0wzBRpLPC5GZsPXAwWFYSFYiTqCPEmWmr7kd%2Bl82cnXzAHTS85wFO2dWqtRQKxw25pMAxhr55MuP7wVjR3lZPm44UOAVvCgI6jR533Sy2hN8a%2FTKbbV3lnJq9mHEDG8uWRBInn%2F243t5PEb%2FuAH9%2FSzcR%2BSjtJQoy7Uglyuqcd5EGoLEI%2B8nccFz6hGox9gZlgfWtuc4kWJfA%3D%3D%7Ctkp%3ABk9SR-b3utLaYQ&LH_Auction=1
Nintendo Switch OLED Model HEG-001 Handheld Console - 64GB - White. Plus Games,Brand new,255.0,11 Mar 2023,6.85,261.85,2023-03-12,https://www.ebay.co.uk/itm/325559827722?epid=5048310008&hash=item4bcce0bd0a%3Ag%3AOuoAAOSwrDNkCL0w&amdata=enc%3AAQAHAAAA4NoiExtteYbOEZHGVUjHDwkr374V9QW6S5jzXjNI3rTnFjUwzQmvjAM7Nnnm1Bo9X45wvLU7DZWyJhUK3CmaC1Cu5U3uy5a%2FbdzxGy7BIyyxmayxfLT1522LwXg2hDMa0r5%2F8TRIZ6cO3P5Q%2BlfA1wRJqojOHe2fvYurV66cli6Ngqu6ksUOQsk9xE0iB5e3FPqvfDlG70PWb42x%2F%2Bx2k78CxawnqXGDzOPiKcJV6OUvvEkxCsXiJstwDyd04wAfihMf%2BV1SsSs4lqKpqePPrMX2uahf%2BGoCt8%2BO4ENhCXmx%7Ctkp%3ABk9SR-b3utLaYQ&LH_Auction=1
Nintendo Switch OLED Model HEG-001 Handheld Console - 64GB - White,Brand new,240.0,10 Mar 2023,8.05,248.05,2023-03-12,https://www.ebay.co.uk/itm/175637536811?epid=5048310008&hash=item28e4d0202b%3Ag%3AJsUAAOSwBohjeTbj&amdata=enc%3AAQAHAAAA4HQO6SJYcg%2B%2BijZRPOlgGce7fMbivfOTTTZRKm1d1kBv7XMDZxPZUJ7pxlx7I4t9%2FMhC0kGCqXvh%2FFNf55GGWnuF8g9F7NoLFowMlReW6OQ01IxbO266VtPGn0OH51nRCinviBRu5nhOwfdy3g1gvia9nsescabSQxEpSUuGTZ%2BG1HomCrhgWflSYeMUOVypjiYtvJ8nL5vMLY693XvqeH2rP9jvmdcXnCGZFhmVB0HqJJWUJ%2B5pIj3bfSvCvADnjuoIro81%2BQOjzkaDKs8wJJvSfYJGnhAAOY0VGb66pYHJ%7Ctkp%3ABk9SR-b3utLaYQ&LH_Auction=1
Nintendo Switch OLED Model HEG-001 Handheld Console - 64GB - White,Pre-owned,240.0,10 Mar 2023,8.85,248.85,2023-03-12,https://www.ebay.co.uk/itm/394500180952?epid=5048310008&hash=item5bda0b0bd8%3Ag%3Az0sAAOSwJixkAIu1&amdata=enc%3AAQAHAAAAwBwmuUgCUjH1ZfKfWy%2FwySVO1xXcTz4r%2B%2BTZ9Gv7vjvGQRX78InZtLpLoFm14TdcVXcWKf5OYBiqM1qTcaI9mveERM6EcGsNboVQ6V7v%2FRcPomfL0ngCr8dqcYjZkQYoZyrxly8u6lNCZ3S0ylij7sK6eOIi7pyj%2FnQobHLlbABDDwBxvyP%2BmE3fXsdus3YxzJi46TJljACECtb5eg9mx3EUWtH32e%2FPtNmYnsS%2BwXgZrLC%2BN8TIq4At4o60xP%2BZdw%3D%3D%7Ctkp%3ABk9SR-b3utLaYQ&LH_Auction=1
Nintendo Switch OLED White Console With Mario kart 8,Pre-owned,264.0,10 Mar 2023,6.85,270.85,2023-03-12,https://www.ebay.co.uk/itm/285171084227?epid=5048310008&hash=item4265856bc3%3Ag%3AQKEAAOSwEJVkBH6A&amdata=enc%3AAQAHAAAA0HzBVMb7vUBp565OkvsvwCgQ1FEp4YqouErR3wQiR2Sdb0TNSLKpeN9XNhv1x6CZ1z8O%2Fl5%2Bo9i1p5K6eFdvJeaHxLXooEyMbEwLNI8NEI1rN1R4Fsfx0oZt9eawGWugLEcWT6HnItjMtfFC4pfp6wzA3gblsK8RKkIt8JRPjx4Fh2yX0mb1GYYFZQCYDmOFLeRCqXIpykFY0hRy6L55GoKfIdnzMtxexygpn3YnEX%2Bqr2RvkzEkZ7IIhpR0%2FQmHci5fWuv9vv9kFiGy6PSYtnE%3D%7Ctkp%3ABk9SR-b3utLaYQ&LH_Auction=1
"nintendo switch oled MINT CONDITION + 5 games, 4 controllers & carry case",Pre-owned,280.0,10 Mar 2023,9.99,289.99,2023-03-12,https://www.ebay.co.uk/itm/125800771481?hash=item1d4a4f6f99%3Ag%3AaGkAAOSwbXJkAc-S&amdata=enc%3AAQAHAAAA8H9x1y3S45bkn4W3LLyaHLvguBaDlJp0BFoke%2FYL%2FbQInZhibWcSXF2Yh3CbZ1HzVPCfFPxrSl95t%2BgMBGCek6PGCxzXZhBEqZeX%2BGwxxRzNXh5ZCnNnEqEB%2F240HNwezEFWPdVpdtLVbdeX4AxwpKpBj6CfSTuN8wk1I7384ii853B1qA88SIoOzKpBMNX5wHrs29I4tMu42HPrbESYGAE0Cj92o23437u3DBqtV05a1X7wgiZtuxfVty10YWzAyP3fjsRRoSI5npQzQq3%2F6s9Jwo%2BEVHf2BDVJ7DwKokP3RZmrUTmonSs%2BoIy%2BW5Y5LQ%3D%3D%7Ctkp%3ABk9SR-b3utLaYQ&LH_Auction=1
Nintendo Switch OLED Model HEG-001 Handheld Console - 64GB - White With 2 Games,Pre-owned,265.0,10 Mar 2023,6.85,271.85,2023-03-12,https://www.ebay.co.uk/itm/255997940681?epid=5048310008&hash=item3b9aaa93c9%3Ag%3As-YAAOSw%7EX9kAbSB&amdata=enc%3AAQAHAAAA4JC66DY7B64Dbl1AVGOlcCW9XBKFN7QJrDP7v5T5178F9xXHjRaYHAsm%2FKgI1H19FFUs4HVEfymgu5m8%2BCYEPzHADqmCB882g16MTabTgEdllBs8fAHwbvjlsK4k0BiZozOBbYS00rxYrGSU3OLzoyBeTmfSzw%2FGerTeNViV2wmFBvhjAOMLaWLZBgZ2Ge2sen%2BRMAR7qbeS2WeG%2F1mFJ9wDUEr4Xcv5XUBDPBnCfVTznAntikksp1uYYNhxrGVHshFLCPV5Agu0Y1Xe1zVEXOtkNCBqD1y7V%2FRS0hK2P74m%7Ctkp%3ABk9SR-j3utLaYQ&LH_Auction=1
nintendo switch oled 64gb white console bundle & games! USED ONCE! 3 day auction,Pre-owned,330.0,10 Mar 2023,0.0,330.0,2023-03-12,https://www.ebay.co.uk/itm/394499729874?hash=item5bda0429d2%3Ag%3AXyQAAOSwwd5kBs%7Ef&amdata=enc%3AAQAHAAAAwDkrbv%2B2wLqG9HwYkhA3dIypYU5pIBGEuHSv034ohXfzlEQRaqTUXBhrYJpVSn4dSCwghIJEC10%2Bcc6cpu3IhoqPpXiJrIIRdFw1sP1jxMk3DEcBEw4DCZftXK8bEGBO4XKYyuxSZxOhAiwaNqGDIZzxOSsxpdguWQFz3EwU5GYdpPfY2mEGX6FOGuK62co%2FzFsxDei01wau7rW%2Bn53Bm%2FWQoBeGf6QdwgnubsEElzlh9C921pVhnIdtnudq6A3hQQ%3D%3D%7Ctkp%3ABk9SR-j3utLaYQ&LH_Auction=1
Nintendo Switch OLED Model USEDLIKE NEW - 64GB - White,Pre-owned,230.0,9 Mar 2023,10.99,240.99,2023-03-12,https://www.ebay.co.uk/itm/314448942713?epid=5048310008&hash=item49369e1679%3Ag%3Aj98AAOSw0xNkBnI4&amdata=enc%3AAQAHAAAAwG6FbYO3d1KOND07vM%2FFNjAvrBDRUT0HiGlKenJhK404%2B%2BXAfbqf4F%2ByoxOxrLKnu5D7fQgpEJNrsx0gaKpx1GpzWG94nDfV6q9xjQbaE5SpR9llIXNGkPnjroYudguFt7RxOf88zOAzovsn9vkN0Af1kL8CXY6l%2BfkMJgrn5vR8PLsTSjYlvJG8mqinjzvp66VI9VPgEgO3qtWtfIxTsmcuMi8l%2FXfPPkK8DazkTsnhuWkteSaoigiyxLjQLfs4dQ%3D%3D%7Ctkp%3ABk9SR-j3utLaYQ&LH_Auction=1
Nintendo Switch OLED Pokémon Scarlet and Violet Limited Edition NEW,Brand new,290.0,9 Mar 2023,0.0,290.0,2023-03-12,https://www.ebay.co.uk/itm/256003969617?epid=13057347756&hash=item3b9b069251%3Ag%3AyzsAAOSwoaVjmNTK&amdata=enc%3AAQAHAAAA4LAZOva1kGC9IYmTfGuZTyThLnrLp7KEkkFkfvjjIdy2s%2BohYPYpnmLEtATlMcDv81lU2zH%2FPViZBjzPGI89K%2BC%2Bi32lkXmmu9Li0%2BEdKIeWXvuG4abAfHOUwajIZYRZRONji%2Fz1Xn2VADNhKrUMiK3ZdyvcJuFSAc1b3ZG9RA0vKmPvWr7JozJiG4DyrESDXTTgTHWgPqA%2FJ5pFO6IznYNzfAxW9jAtdMIo9mUFmBQEtyTYl6rClck6CXBDpq1Vfyz2xLiR%2B3FVIcHcnp1ztYJhuzRDxco0%2Ba6%2FtwUgM0CF%7Ctkp%3ABk9SR-j3utLaYQ&LH_Auction=1
Nintendo Switch OLED Model Handheld Console - 64GB - White,Brand new,236.0,9 Mar 2023,8.0,244.0,2023-03-12,https://www.ebay.co.uk/itm/385463012075?epid=5048310008&hash=item59bf62caeb%3Ag%3AH1wAAOSwjIJkCPLG&amdata=enc%3AAQAHAAAA8CYq0zne858idB%2Fv3IRUGbnLWx3OdivndQN%2FGfVnpfFRmue0XOURJn0WqRF2MnuzHg7T2bfKeUxLCbVh6bSbFbsvlEjJT1iGIU%2BA7U4UBkopWhDql7LjiPgA2eHecdSaIGChx8pWDViUo0LlMqlhm74m1qRUaSj%2Bk%2F9bOPdddOGErURqEh0J7PDJ0Iy8a3OeBmj5o1C5x2fwEGUUCkivhf4f%2BxNiY98Hz6w%2BqAAZ1DteM0jjRKVVQm8O%2FerupomYHgzAsn8se%2F2F%2F3iZe7%2BN7yhJg9I5M4HJgxMgFUmsGIFnfmzWBg3xexwJgTM7O%2FJWVQ%3D%3D%7Ctkp%3ABk9SR-j3utLaYQ&LH_Auction=1
Nintendo Switch OLED Edition - unboxed,Pre-owned,190.0,9 Mar 2023,7.0,197.0,2023-03-12,https://www.ebay.co.uk/itm/314448476058?hash=item493696f79a%3Ag%3AsiYAAOSwgtpkAe1n&amdata=enc%3AAQAHAAAA4K7PxzALh4LGtKeKA5zxLpmF8aw8tHHNTmLPXpFgL7JuTos75zMbY05JmMXauB80bNOM1VGCqbFia7fmQ2MRc8PWzjiP3AvozBo%2FC1eS5RA9R5v6YNe%2BH3AOtZNTB%2FrCverwU9T5TwyDReu%2BULg%2BiwjSTBOddt2cZ6Uoe%2BGXqKUouCwg%2F44mLCM2ZEHhmTKzxgcmaidJvnqM11evtviRLqwt2Jv5ADf60AUBfDHPyW3JOLMAhnKiBDCV1YzavA6HEE0GXMBpYC3VdXLwaYGX6sJt7rF%2FFKMsemqmqO3amHHN%7Ctkp%3ABk9SR-j3utLaYQ&LH_Auction=1
Nintendo Switch OLED Model HEG-001 Handheld Console - 64GB - White,Brand new,243.78,9 Mar 2023,26.25,270.03,2023-03-12,https://www.ebay.co.uk/itm/175641035396?epid=10048191653&hash=item28e5058284%3Ag%3ADhQAAOSwqItkBi%7E7&amdata=enc%3AAQAHAAAA4I0wbvi07qyrxdgV%2FzqddDDUVBc2nwboM5kJNSXyw%2FcQWsqG52e3xZjWm3A9n8%2BDRUtuSEUjBBrV1CEWrUtYiVeymmA4N5kDmDY0U%2FJqB8bnjJqSU0pLzxQ0R9ThMlSFsnKi3Ddf1bRYxo4enNF2e%2Bsyarm3F5JGXf0wwhDcPnrmcQEZljzrVxfHm4qm1t6H7eCfLDEPjDkwquoEAL0mhLoqSKqCxx%2BDqskv%2BylbG8y1xPKjabh1F6qjkRtcDcJ9qZPOwvnT8j7VpziwOgYFyepmo0u0QRBxdF9xaNUW0Ecz%7Ctkp%3ABk9SR-j3utLaYQ&LH_Auction=1
Nintendo Switch OLED Model HEG-001 Handheld Console - 64GB - White,Pre-owned,225.0,9 Mar 2023,5.55,230.55,2023-03-12,https://www.ebay.co.uk/itm/385458536604?epid=5048310008&hash=item59bf1e809c%3Ag%3ACBQAAOSwEANkA4Lb&amdata=enc%3AAQAHAAAAwCT%2BBYO4XNaPkzngFxNPVW5vcjqL6ABBOZWCmyMyuHgJMpxWzvv5jivnVtmN2RbRF5Ivzjs1N48EZVZN%2B09XjHwK%2FMyxsLjRu7KDHk3fgT7nS3deekhAb86GCSchcbRxDJ33enVyoEAVQ2jBdQUXedfwFA1K%2FV834E4PGjy1U35p8PeugwGWMxMRKIyLdinbe6Jv7k6XgQUCC%2FjZ2kMGrrNwwPOvxNwWa1%2Fn7sYT1s54Sq861ZrUV47dqUmf%2FbyM1g%3D%3D%7Ctkp%3ABk9SR-j3utLaYQ&LH_Auction=1
NINTENDO SWITCH NEON BLUE RED HD 720P 32 GB CONSOLE DOCK JOY-CON STRAP GRIP OLED,Pre-owned,200.0,9 Mar 2023,0.0,200.0,2023-03-12,https://www.ebay.co.uk/itm/144969677853?hash=item21c0ddbc1d%3Ag%3AKtAAAOSwhD9j2EYc&amdata=enc%3AAQAHAAAAwGB%2F0O7kiuykOIzNovy3D0dZNOMWQqUMTj%2FR5%2Fc3e9DQhMii6Hf9Fn8wSX9AuyYvESvpW0W53J1K21dFeqPEv9%2BhZarsFZYqQ%2BwIxa0Ga9ymoFOhJdWod4NReUS8WfLj%2B3VkSst4p6583HR5ojFpCtpVAgqTzSTAZ73zdgtoSHe1JY%2B2YuCnuQLwE4prz%2FDmz6LJEUxZXdPrGCX8o31H3Z4Wv5A977SpIbunmaRs2K4GNKsyV94HhzXv9ONMZUhMZg%3D%3D%7Ctkp%3ABk9SR-j3utLaYQ&LH_Auction=1
Nintendo Switch OLED Model HEG-001 Handheld Console - 64GB - White,Pre-owned,230.0,9 Mar 2023,9.05,239.05,2023-03-12,https://www.ebay.co.uk/itm/325560653199?epid=5048310008&hash=item4bcced558f%3Ag%3AZUMAAOSwRn1kA3jx&amdata=enc%3AAQAHAAAA8PzGN16g9k%2FcxLBZMF%2Bp02%2BYUjOCT2wl%2Bor7nsoENHsPPYcFCPcLcCmlU5An2AH1CdbvDeZi455crjfIpiqmu%2FNqN8wLm1A%2FNQEb6ca1S2L%2FeljEptIEMLT1AxC%2Bnd6LvCbV8VZ3XLBWcfH7vuoDUKUqD%2FxEx1e414BK2UdXPTcAU%2FrvUKi%2B6RNRiWhv%2FoZXE0j7tZMGvmHlFbI9X8O8vsqWLwF3%2FQD74ynqvPPnpcP6KiLD0ML6DXMzXllfu7RbKChC1kxUwDBmdTT8eI7kSpwZMD5i1SECuz8l2pRnwDOMOv9aZHpWyKpgLfngsygnog%3D%3D%7Ctkp%3ABk9SR-j3utLaYQ&LH_Auction=1
Nintendo Switch OLED White Bundle - 64GB ￼,Pre-owned,346.0,9 Mar 2023,11.55,357.55,2023-03-12,https://www.ebay.co.uk/itm/144975405475?epid=5048310008&hash=item21c13521a3%3Ag%3A9iAAAOSwBWNkBgiq&amdata=enc%3AAQAHAAAA8NkWmOOoH3PspX1dUoqKW77Stz71yAE%2BeJBarcXX9bI1ogfCjIrvzQRzHqZCDUOeMnK0d%2B5W5Pnzs3zvYrtXewSnppT%2FusaZ8iM25ksAQMfY9Z46v7R7g5LamfC%2F86fgvUe2HBnuTrGmHzc%2FRUjayQGAQvZvt39meT6EKbEEYSkwYmMyv%2F75gc3Ssegep6PIWGXl7jUomDiBqz2phTpRDW6QPA4xh%2BG82ygQeMdBZAT71znWJ%2BU16qgfUaur%2FbzBBpYnRaJhSS9cZBlOfeaNa1mT%2FLL4BuEv322fPbq1Yr3hml09JXWDy6sHltMN7jSMkw%3D%3D%7Ctkp%3ABk9SR-j3utLaYQ&LH_Auction=1
nintendo switch oled games bundle,Pre-owned,340.73,9 Mar 2023,0.0,340.73,2023-03-12,https://www.ebay.co.uk/itm/404190800225?hash=item5e1ba62961%3Ag%3AzQsAAOSwSJBkBgvE&amdata=enc%3AAQAHAAAA4MwGSoeuzsXfcgOJK2qsRpoQ7N8Iwd94bQ1tb0mgoam0Q3rBELpmgcqF8QmdGRZhQKa9z%2BDyEemVxLkmbtKZiuf4iGpk1Nf0aT4I8t6sl17CpPpn4fPRgRbhIryAx%2FmNsjGZiJGAHJRp9vl43tiuanTi1sjx3VfCL48raU46r9RkvX126wadXst81TDXYliVdlG%2FYTGKGzU27kPmVor19W1OB7M2IsQ7o3coTjW5KdiGdscZ0BWEcxo8RpM0v3a5wpNS25yRfSyBqubdYTC0iHbQeb9gWfgmJ19DSNd5QubS%7Ctkp%3ABk9SR-j3utLaYQ&LH_Auction=1
"Nintendo Switch OLED (standard) With 2 Games, Carry case and 64gb SD Card",Pre-owned,270.0,9 Mar 2023,6.85,276.85,2023-03-12,https://www.ebay.co.uk/itm/165967165455?hash=item26a469f80f%3Ag%3ACDAAAOSwbMxkA1--&amdata=enc%3AAQAHAAAA0FPhWh7f8H2EbEMoMFY12oG%2FRzg2MhnqgaaVsjwtT5H5M8lj6JW3yv%2Fbna6wTX8atx6yLt2OZT64PQ5FPMufcPq2MCw5nGjn1q39TWv5jEmVVCSfZPohndJ5PDa7bfWZ4HI1vlH1Bg%2F1w5gnqLlJIvTbM8%2FgwaVvsO9NfXgsiVfTaFbja2qtmgFbjgOq0oyy3waIyx7xeZAvZWJcuel277U46nqXtc%2F4D6QkyuIIFpJkxj6CaZFD9Lj6he%2BK%2Bfy3G7elvA9WMR0%2Bqb1NEAYSaVI%3D%7Ctkp%3ABk9SR-j3utLaYQ&LH_Auction=1
Nintendo Switch OLED Model HEG-001 Handheld Console - 64GB - White,Pre-owned,185.0,9 Mar 2023,6.85,191.85,2023-03-12,https://www.ebay.co.uk/itm/204268853772?epid=5048310008&hash=item2f8f5f5a0c%3Ag%3AteUAAOSw0pNkCbuy&amdata=enc%3AAQAHAAAA8BGgiprF%2BIPaarhlV%2FQYBS1g2ONt0xrUiUQBdnGj3q3kzMTgDlZJ4%2BQgjqrzdhds%2BnqlZZXSrguvwX7j9YKiJz7IU7HkrecFyK6YQ2Q8mKiw%2FMzfSHH2bdND4NuvxqBOAb%2FYJXxJqFJQeYs%2BkIRjTOhR7lZ%2BYioTP7beJ9bXBqo9%2BkPkpsM4BpDhxoSwoLoW%2FljmJJC3ZsXkFcOSAtko2UzVbYIK2BAui%2F6rLF9AX1PRPcoWhZ3HBcrZOTuwDGtkWkGE9yHN56zwBuR6JyED1HnCJu9B0EQFUumfNUoCY8k0cYRJqQOJoF7uCqMeBv7MDA%3D%3D%7Ctkp%3ABk9SR-j3utLaYQ&LH_Auction=1
Nintendo Switch OLED Model HEG-001 Handheld Console - 64GB - White,Pre-owned,305.0,9 Mar 2023,8.95,313.95,2023-03-12,https://www.ebay.co.uk/itm/364167401507?epid=5048310008&hash=item54ca119023%3Ag%3A%7EY0AAOSwdDRkAHXo&amdata=enc%3AAQAHAAAAwEjBX35fdrx%2FM4PRcM10pwGAofsHmdgVvh3aJdyuYa25bvOu%2B1XpIhglhZgcMGFPPMVXfrVvAINcgT6LZU%2B0XFUs1jy8C8RZG%2FX5W5AHbA3nu0lT%2BxngxoxzgmA%2FgQQ31hpcJbtyQbEwsbsh9Rae2PR%2B7Y1vDL9QtXxKJD6r%2BxCo%2BWkQ%2FnknYxbqB8hUM9QLzUvecWPRN3rdLQ5XbT3mKFUxm%2BvMCfB9TQ793fDJQV3c5RFRlqgL8%2FhmtW%2B0GP%2FdYw%3D%3D%7Ctkp%3ABk9SR-j3utLaYQ&LH_Auction=1
Nintendo Switch OLED Model HEG-001 Handheld Console - 64GB - White,Brand new,255.0,9 Mar 2023,8.95,263.95,2023-03-12,https://www.ebay.co.uk/itm/385466339932?epid=5048310008&hash=item59bf95925c%3Ag%3A-NYAAOSw%7EH1kCF3I&amdata=enc%3AAQAHAAAAwPIT2y8UubOx2Qm%2FITkNvVgBVDGWjw%2Bc129Q43nAt4tPzbRcd0WznuFRf8c%2FLR9f5c9F3GLMacthezMDqi6ZQ%2BXtNTJzSydfejLZdeK7ROWwUbvEuhMQrBuX92x3uciXv8LcxSujRLfjSkj9sfV6HLd%2BlVjl2AG1S8ltEPyjK%2Bwb4w8ePbFUYiYkU%2Bjxw3lDJFO%2FYpsBQ62OBGjXYMLvaQ4%2BMf3EAQwkLhpJsiq6vhs%2BoOSY4URu8uQ5qbeP3QVhFg%3D%3D%7Ctkp%3ABk9SR-j3utLaYQ&LH_Auction=1
splatoon 3 nintendo switch oled with vibration responsive joy cons,Pre-owned,206.59,9 Mar 2023,33.73,240.32,2023-03-12,https://www.ebay.co.uk/itm/255996824966?hash=item3b9a998d86%3Ag%3AHdUAAOSwRQRkAFDF&amdata=enc%3AAQAHAAAA8JMflm5WFrdnbHnMoOTyT0z1EWdv3v%2F84p0cEa7QE%2BcDluNLbFnzMYC%2BOjLJBFZAmBHtTCieeUoelxQtC%2FNaliwkjX3NDNNJGffZe9y8mHgUFOICR67xTMWkOSH%2BH3n1kGtjCoHWPW1G7KvtFmqtAj8Egjg12xdjGNVG8sVCcVib6wNtRFH25JSZ%2FVV7MwD4%2Bq6ui0HQ5qv5dQEb3jtc3NVbBjXEziOT7WcXFar1GXwi4fD%2FNSmlUvz6ctqEP15thY8U82KkHomXKf4i%2FC%2BEAC8JGbc9k26xPDAuBtAkUSU9GivD78nXri5rVwd8GNyLUQ%3D%3D%7Ctkp%3ABk9SR-j3utLaYQ&LH_Auction=1
Nintendo Switch OLED Handheld Console - 64GB - White + Games & Accessories,Pre-owned,295.0,8 Mar 2023,9.05,304.05,2023-03-12,https://www.ebay.co.uk/itm/325562243713?hash=item4bcd059a81%3Ag%3ASVoAAOSwbMxkBQaa&amdata=enc%3AAQAHAAAA4LtDLOV9ERIvLv3rck5aeFxDRU%2BdRiVsEFQyL2rruxGDrmPZN6rL6ggzPaU4PodOIsv8edl%2BVJrVEHrE7AW3taKrkyw3GxOm8cHDBc4Vv3W9eJ1xn89q2Id5MGokRVx%2F7fPspXAJXWtQaPLQCx3K4Q2kJTdjXhDjPtRdueLa6TdhB9MfVZizh%2BoSOnpWh83cxQsc5vJeHgrqd0jVEsBp6GhvLwMX43qNQJzX4lNmSMnZNEkvLWzDq9hy7o6DXmWrvUd6iz4yIOboidS5pFq29x9Y1IEYwrQmjEXdnMuREHg0%7Ctkp%3ABk9SR-j3utLaYQ&LH_Auction=1
Nintendo Switch OLED Model HEG-001 Handheld Console - 64GB - White,Opened – never used,250.0,8 Mar 2023,6.85,256.85,2023-03-12,https://www.ebay.co.uk/itm/385466995791?epid=5048310008&hash=item59bf9f944f%3Ag%3AT-gAAOSwwo5kCK4-&amdata=enc%3AAQAHAAAA8BVhbhuPYoyXWyLsCsYg1mivrKXphR4qnwnzX%2BrqGHmdC5w%2BduhPLI4Uuqu1pqS%2B0ZyK3ib1A%2BOPDbN4SfhEwPL9qwJHe0S%2FWsOwIv3qmIRgmZhrilEY5SgZ4w5onNhl3zNhEh94k0l9nYOpVooi%2FsFDMA69tQq8sWK%2Bon1nUEYIfjPIRJFGzXtez%2FfRBGgETshZlk0SdaTV%2BWzst8TzEUrli346ytbLrxs%2BK%2BXYB6NOmuE7HKxO6z7Ar0KrvJ%2FmYFATTms0%2BjFcY0CZM%2BxTuWhe%2FD9IjAzj6uxOTSskPK54%2FEq%2BX8uPBeecdstp8JjeDQ%3D%3D%7Ctkp%3ABk9SR-j3utLaYQ&LH_Auction=1
Nintendo Switch OLED Handheld Console - 64GB - White Plus Mario Kart 8,Pre-owned,250.0,8 Mar 2023,6.85,256.85,2023-03-12,https://www.ebay.co.uk/itm/314440431257?epid=5048310008&hash=item49361c3699%3Ag%3AcZsAAOSwEplkAiYy&amdata=enc%3AAQAHAAAAwECM%2FDLVJ2B7Q1MgjtF5MAdRaQStny6IpS9e99N%2Fry7A9ldkpZEdoyDuy%2FzSG%2BigexkJRAVGI9vd%2BJnRtDEMR4rPBOm6WHyQ9rrQk3OGv825URcTM%2FxMB7xI6XZabzNymPSRBJ5QaUvW3rB6SWWlSuFEis%2BT243HTGUADvRiPLYkRn5kmTNAFpqoePGHJEgjK7TvBZDpG2tk6%2B9priFqd5v4TJuQw0dRzn30BnVstn8VXIBv9hzToZPViGp6670hDQ%3D%3D%7Ctkp%3ABk9SR-r3utLaYQ&LH_Auction=1
Nintendo Switch OLED Model HEG-001 Handheld Console - 64GB - White,Pre-owned,245.0,8 Mar 2023,0.0,245.0,2023-03-12,https://www.ebay.co.uk/itm/115724999044?epid=5048310008&hash=item1af1bf5984%3Ag%3A-0UAAOSw5IhkB61v&amdata=enc%3AAQAHAAAA0HorT03fQE8MOgFJo%2FRiBoDw8JQW5Hsjs80UcS%2Bja5ptMaof%2FKlAoXchM0Y5eE8R%2F5Km7mgmPXMLyVu9FzZWhAZnakFnnS1iMgq%2FtdtmvI%2B4LRGgSHbBTM6qi%2F8KmpceR91ZN7j46HmmypPst0eP3sr1igU4IuX5WFGPvmODAB0mseN4h4F0qvKJYE49yneOF8CzFUTBQXGsszi9jOlL4hQ2ngbaSF0Y7DYIO3oweq3jDjbAu82t0zr7ym2oJbCs8TW5Gwe6VQkKU54FYQsOyrc%3D%7Ctkp%3ABk9SR-r3utLaYQ&LH_Auction=1
Nintendo Switch OLED Model HEG-001 Handheld Console - 64GB - White,Pre-owned,231.0,8 Mar 2023,7.65,238.65,2023-03-12,https://www.ebay.co.uk/itm/155433410958?epid=5048310008&hash=item24308da18e%3Ag%3AkmAAAOSwU2Fj%7E4RC&amdata=enc%3AAQAHAAAAwDMMNdYsZSO0r6gbT03GPL1Et2UO%2BVfvJyDzGuJfENW5HiSxaXzATGjIUrBB6rYJbyo3AVZM7vdYcmuSKmCley%2F3fNT1ruYehGT5TTng4bmLQ%2BL11zAv4t1o%2FZdlXnYZ7c9L6PByB5kN%2FgHA3SRuXTeQtzmu1TdT%2BxrBR5THU%2BW2%2BA%2F7WMXOmsOojIEKofOz%2BpTFGdKfH90ocrUrR2TVcyasRix%2FiXnA4Ow5Bha2XQbIywLZLXmyro8ML9u65WiKXA%3D%3D%7Ctkp%3ABk9SR-r3utLaYQ&LH_Auction=1
Nintendo Switch OLED Model HEG-001 Handheld Console - 64GB - White,Brand new,255.15,8 Mar 2023,4.25,259.4,2023-03-12,https://www.ebay.co.uk/itm/285173844873?epid=5048310008&hash=item4265af8b89%3Ag%3AO88AAOSwei5kA9vo&amdata=enc%3AAQAHAAAA0PiYGT%2FnZL%2Byretbwi31fmgA9KCucj%2FWnIZD135wXq8%2FhAzGri6A5ADOau%2BesEsxWjwrN8jkk2IUS3X6qLOzAZDsg8w04IF7ZZlZAeHqe27ZREk%2B1EJOEtTHv6UlARoOO8lbOIqF%2BzIq6PxrOm7VqFhelwImi4ChNf2P3Oi3M%2FhsCt4Dl%2FjRIQWj9JLgV1g%2BNKRuqj6BblBzkPG0vhG%2BwlY7dsXazzU77FQJmdDUqXgKo7VZqS7Z2UrmnD18pLKqINPqQKUToGUYGzEbG6%2B1umg%3D%7Ctkp%3ABk9SR-r3utLaYQ&LH_Auction=1
Nintendo Switch OLED Model  Handheld Console - 64GB - Black/Neon Red/Neon,Pre-owned,212.38,8 Mar 2023,44.73,257.11,2023-03-12,https://www.ebay.co.uk/itm/115719534781?hash=item1af16bf8bd%3Ag%3Al%7EEAAOSwSYdj%7E3Rf&amdata=enc%3AAQAHAAAAwJBCEnpGStboVbdNtkDtKFWx9hb9TGYbmspLfohlm3Z%2BetYXMb9d%2B930NMn2R%2FyVBstMwQl1d9eyAAwHJLkr2GofgZjoz%2FQpws3XFeaMGkN6ZmCbq2Y%2Bp1dc82FH3CGiNuPQCuvSob7UaCYbD5l02DCt%2BQlA4IAfW3goIti9opew%2BAJXyBSt9brf9PE94KlE4sXLs6bZXi5g5A4LWtaTQHGJawd5R8KpY6vf6%2BH5%2FRrGzK%2FHz6KkkmLs18iy6pVEfw%3D%3D%7Ctkp%3ABk9SR-r3utLaYQ&LH_Auction=1
Nintendo Switch OLED Model HEG-001 Handheld Console - 64GB - Black/Neon Red/Neon,Pre-owned,200.0,8 Mar 2023,5.2,205.2,2023-03-12,https://www.ebay.co.uk/itm/354612532444?epid=9048299510&hash=item52908dd4dc%3Ag%3APMgAAOSwTs1j6Qcv&amdata=enc%3AAQAHAAAA4Cc0cXMxkRmH32m42eGidXahjbqWrJVG%2FqhKPSc0rqkJvsob5buC24sb3%2BLLAL9D807YkuaWvzrKQxKYAnRxW9cyb8mcYvnNl2YnZjUgDI7QH%2BsNPw%2FI%2FcyZshvxAQ7Vex3d5dEbGm%2F0kDmC7jgRzSC%2BR0ALWBAZMQHpckKIHFw97no9BiONRmgyWH8yUWcFLPG4IzqYpbhYKJCDR4GNnXWEru%2FIOsl4%2BW3kPQZg%2F6j0p7WmdHzLNLjZA37p1g6hNiCi4KDFaIAYs4aSVJkrK%2FzD%2FyvoUBNyZ%2B7ipYqVceUm%7Ctkp%3ABk9SR-r3utLaYQ&LH_Auction=1
Nintendo Switch OLED Model HEG-001 Handheld Console - 64GB - White,Brand new,245.0,8 Mar 2023,6.85,251.85,2023-03-12,https://www.ebay.co.uk/itm/175634206629?epid=5048310008&hash=item28e49d4fa5%3Ag%3A-qkAAOSwSlxj%7E29j&amdata=enc%3AAQAHAAAAwPCcroO814Bodwh5m%2BUoHr4MaUrUcGML8yP5Eg%2F1dxViEmBouMSSnvbeDFqo695cxhuSy9cv%2Bi1Pl30arPrtwvbnb1DyeVowefeNVHvYb4V4E2X8muqDVFqLGpWBo13IZpZ%2Bsm%2BJXKrMFxvbxkFfmBoeKyIUG4wSgSbTl3l889rOLqXLuBsp5pEBme1%2Bez3uU4zWwCsuSQoXtPwnUYa%2B38VouGDBKZCtRNnC85rcccBXjqb4Z1elqGjCf%2FN2Q7pCtA%3D%3D%7Ctkp%3ABk9SR-r3utLaYQ&LH_Auction=1
"Nintendo Switch OLED bundle x 2 games plus case, headphones and accessories ",Pre-owned,260.0,8 Mar 2023,15.45,275.45,2023-03-12,https://www.ebay.co.uk/itm/374540074073?hash=item573453fc59%3Ag%3AdOAAAOSw%7ELJj%7E2cj&amdata=enc%3AAQAHAAAA4NXMyIzRRI9B%2FQ5ScJzYdi3fdufMjKZJprKqDnyCHb4OgzatwOdrnKQ%2BAi%2BkbkMgQS8pj7DYMSVpzh3B%2FNRMte7Hf4ycj8AvDupQeogLuL%2FJJzdpshW2cEfrj4Q1clXHWkISFhoupRYQDb%2FyCeSFaNKA8LrV%2B26sGRxsDmFVwmVEbb7eNMA8slqPjXzQ6OxxdqRsp6ohmtUSVQqEpEE1gnCTmTusu1Rr4aUNQTGBRQI68DzxBly7xtSKAzIqnq9KWV1Cooc1eJGU46Bj8pgRVNSdWMVpSAalhecsxrcll5HY%7Ctkp%3ABk9SR-r3utLaYQ&LH_Auction=1
Nintendo Switch OLED Model HEG-001 Handheld Console - 64GB - White with 2 games ,Pre-owned,253.0,8 Mar 2023,6.85,259.85,2023-03-12,https://www.ebay.co.uk/itm/404183667094?epid=5048310008&hash=item5e1b395196%3Ag%3ABgcAAOSwHVJj%7E2BC&amdata=enc%3AAQAHAAAAwAMj6s0E5cpG7NadMOXfOUK1MmlFoHpdxU%2FcT43bBJnDK7%2B%2FoAYW17fnHB5wnePdQk7DvjPsHk2OsNDnkgIkjEejjS%2BB07aeizSNJvlx1DH95X2rz8X444m49uf9Zkq1G9KSjIU2dET6VtOXhvxT1bIU2joCyK4f6H0yqpGECqfDS6dzBLVlbGPHDgAPKVidiLepADxieCP%2F0lyCeVbGmM6V8%2F4Y7HCTj0dXbWLsZ97TthV9j1lHbIBIYiNnp7DG%2BA%3D%3D%7Ctkp%3ABk9SR-r3utLaYQ&LH_Auction=1
Nintendo Switch OLED Model HEG-001 Handheld Console - 64GB - pokemon Violet,Opened – never used,240.0,8 Mar 2023,8.95,248.95,2023-03-12,https://www.ebay.co.uk/itm/256003456636?epid=5048310008&hash=item3b9afebe7c%3Ag%3AQKwAAOSwhAxkCHjX&amdata=enc%3AAQAHAAAA0JXlvBktToyRfYGnXS7j8s18J5bzCv7azoQmhE2wvnqXmIPXSvGra2n%2FOJ9D4kR4VJzicyXlLp30e7CP%2Fj8qDLNFkln6U2eYROzkYVTvUrN3sIywIVySxL9IWivmvG4dzrL%2FjX3bL2tOnKewcfYV73xIfSKseqS0WlkJxBvL1aTCthOv94E11FUsAHtUSA8uIz12Cw%2BcJXRa5iyQIEE0lIDHPM5lIecOGqpLynEyX2KjNrHGXCe3bGPEtqz7ynsosBZCGbn0vXnXNQJJgZCDq%2F4%3D%7Ctkp%3ABk9SR-r3utLaYQ&LH_Auction=1
DEFECTIVE Nintendo Switch OLED TABLET ONLY (READ AD) 64GB Gaming CONSOLE HEG-001,Parts only,134.37,8 Mar 2023,31.84,166.21,2023-03-12,https://www.ebay.co.uk/itm/175629216958?epid=8048191202&hash=item28e4512cbe%3Ag%3Au8YAAOSwPzVixlj9&amdata=enc%3AAQAHAAAAwP89OU1KwKJ8dM0g%2FEAtenmD8Ue3Nn2%2B6%2B9UZ11qG8SpGIBvE3BaNuhoYXNdzY93tDOzJVzzQoXtf80QYkiAxQi9XYjWqO%2FSrHxEI0SV26QqXNJRiRWM9SkHHCivAaV6XKwCKXRKr5T%2ByGYX5Sb3SuO87SCKxFl2Plpr4Z0HNJ%2B%2FicrZj5pr5JtsmQi6%2FaIQj%2BB0KURYQv8uk8mgCEMPt5qUo7Vfv9H%2F%2F7Q7Ev7IVTRP4J4cfSBMVh37HfXHBfJ9gg%3D%3D%7Ctkp%3ABk9SR-r3utLaYQ&LH_Auction=1
Nintendo Switch OLED Model Brand New Handheld Console - 64GB - White,Brand new,239.65,7 Mar 2023,45.38,285.03000000000003,2023-03-12,https://www.ebay.co.uk/itm/185791989800?epid=10048191653&hash=item2b4210c828%3Ag%3AcPQAAOSwGcVj-p4-&amdata=enc%3AAQAHAAAAwEkdKoY0LUy3eH55ghFnDwNB%2FIL0qkgHi3SqcjyiQWpu%2BQt773MyS%2Fg0P%2FffKv%2FY9IyxhOpHRzcXNcZiOvb%2FlmkevJg2PNDOZWHjHP4DThBH5wh4qhKLB0igP6J4iiei7iQ1Rcx0JIW3LarYcYMCsbLb%2FGwgNu4BNZZCrTsnim8XmG9C3iR4m2jMbT6DtOB7B7gn5I13eak7iOLeLiaa9KjNvxjsu1jup8wjuY%2Bv6MX0zhJYXVwP2zIi%2BXIsKSwFVQ%3D%3D%7Ctkp%3ABk9SR-r3utLaYQ&LH_Auction=1
Nintendo Switch OLED Model - Bundle with Zelda Breath of the Wild and FIFA,Opened – never used,267.56,7 Mar 2023,6.85,274.41,2023-03-12,https://www.ebay.co.uk/itm/266153337894?hash=item3df7f9a426%3Ag%3AFLMAAOSwpttj%7EoKr&amdata=enc%3AAQAHAAAA4Cm%2FtEG3qawLCf%2Bie5kkUbv2oBrhO4AVPJJpezinHkbRRL9X1dTbtUvemGUkYjdStn0MCYw0ttIhe2ctLw4bGJbLv0hh9Uxut%2FCZevuQG0MIKTqjcoXDpYpijea5Gi%2Bb9DosU%2BnjrJOdgz8bMGOBuK9rDs8TuRgNLlluKzEbzgFKysprNc%2Fy8SODkCD1H99PiuXPh5tcxUo2XWEySI1U9ecoZfyO65OEH2dgAzb%2FSTp2zlM6v2l5dCTLhL9VqJEqnCgKAfStfc%2BDLz9TRfwsZEJN2TAUpTEl7bZe2jFEGDZU%7Ctkp%3ABk9SR-r3utLaYQ&LH_Auction=1
Nintendo Switch OLED bundle with games and accessories . Perfect condition . Top,Pre-owned,350.0,7 Mar 2023,6.85,356.85,2023-03-12,https://www.ebay.co.uk/itm/225454250861?hash=item347e1edb6d%3Ag%3AlQUAAOSw-Hdj%7EoEv&amdata=enc%3AAQAHAAAAwEfNpoZ%2B0eJvwDhrNig6VALiF4J1KGriml%2FAYpU6J31lZLk1lVFA36jYK7O1kDUl%2Bngj52UDCoZmOiazL1r98cfvYKTDXDwLH4LQRawqzESpnLf5jSQQsR02oWy6zF7uwiy6mGYvJuxNZOz0FqYiGLyNvgod6d5Fa6HyWHamd7%2FsZ2LJDfSrp0lhw%2FJ2YeeJbtSDzu3woGpLxL5YOFdQ11RrrwqUJL%2BUmeGs3yprD1kCF4mjvkhi3AnvukWhxlUStg%3D%3D%7Ctkp%3ABk9SR-r3utLaYQ&LH_Auction=1
Nintendo Switch OLED Pokémon Scarlet and Violet Limited Edition NEW,Brand new,260.0,7 Mar 2023,0.0,260.0,2023-03-12,https://www.ebay.co.uk/itm/256001793640?epid=13057347756&hash=item3b9ae55e68%3Ag%3AyzsAAOSwoaVjmNTK&amdata=enc%3AAQAHAAAAwGzRIUqVahP9UOZ8UlUnPTfIsFZ1R10hGxXjMyTExGzsufKY9pB0060qjFUwDjnY8RJWrVOvfFbP3r1EQjQFiuNguD27vXtciBOXe7gjLd5nCVMYG2qYL1JziXgp8UWiDICbRUBGdK8WrT%2BH%2FkZiJRAcBMN19nn87owtE%2BN1KWZMTmGrIOo0Mj4RdXt7oIP86cVeGUHjk5Tt603DA04yTKu2nzOsDRiO%2FUoslmve3AteuF02l4auTFiJxnEo1Bk8Gg%3D%3D%7Ctkp%3ABk9SR-r3utLaYQ&LH_Auction=1
Nintendo Switch OLED 64Gb + 5 Games,Pre-owned,350.0,7 Mar 2023,10.0,360.0,2023-03-12,https://www.ebay.co.uk/itm/334769086094?epid=5048310008&hash=item4df1cade8e%3Ag%3ATpoAAOSw8Ttj9SMk&amdata=enc%3AAQAHAAAA8GDIrZfLqMWSKZvVrSVTn988LotlPeWlM%2FTNkFgOsJTfHycLNqrWWBvl%2FvP9Gwqv6B1VfYWWOdzi4%2FvC188zMjJi7Ok8823Bo8IByaFEGGd0Eahyx8d8jIqSXXHigQ6SXBRC4DT7GindW5H0w%2BiRcOhsyvVeSGUaImTmLu4b5kGb%2B96RkCgeRLSQFYDcmqS79nZbmxSlZyBJju8P1F6t4Pgb64338Fl8KNJRmNfiaNESnCB3oGu47pRoccd7mM3lMi2rqyrQf4%2B10aM2qmpR6EhlOszro3GMQXTLMFTCBr%2BG2wM3PjGxUnmfSA2EonWa8g%3D%3D%7Ctkp%3ABk9SR-r3utLaYQ&LH_Auction=1
Nintendo Switch OLED Model HEG-001 Handheld Console - 64GB - White Pro Control .,Opened – never used,255.0,7 Mar 2023,6.85,261.85,2023-03-12,https://www.ebay.co.uk/itm/275726272135?epid=5048310008&hash=item4032910687%3Ag%3AmvcAAOSwSTZkA3MP&amdata=enc%3AAQAHAAAA8NweHIHQuKiK0dxUweTS%2FzKTO01aykZ8YiK9dtExwQ%2BPPuwMk%2BJpZUwFuy9exWEO4WqqnG1SvNikOs3POzjdGl9O3PS%2BILdYTMtRK2%2FI06ypINBRUlq1CW2Wx33r0GIdf5xOfdp%2FZgzgbi93%2FdYyRQhfucI28bWeLkOsvCZXNQTw1r6zOYpBe8v3lWEFcYaqQ07Ns7uyGEFJsfzVkD5gRYu5ApLJgWjU0dYN2cDGzfmt1ew0%2FWXLByhvuFZVcGM26EPw4aLNZHRNzU5Z2aaWR3Ggt2%2Fy6ZFIIBI%2FSSVP91EAZM1Ifc9qlfNvWyfo0qaNfQ%3D%3D%7Ctkp%3ABk9SR-r3utLaYQ&LH_Auction=1
Nintendo Switch OLED Model HEG-001 Handheld Console - 64GB - White,Brand new,267.52,7 Mar 2023,6.85,274.37,2023-03-12,https://www.ebay.co.uk/itm/285172606715?epid=5048310008&hash=item42659ca6fb%3Ag%3AivYAAOSw8cdkBg4X&amdata=enc%3AAQAHAAAA0K0XmcRVV%2BnJJrJDtjmQGrjUcLPBQuU%2B8tCUyic9X%2FRwbxaHI724Y0Ll69zJ1uY03WVNzPXgtLTvsJVnj%2B8%2ByJJe924u1Xh6lSgWAsQf%2BM%2FQG7ezX0xgiKr15bxLwKwH89fBU%2BoCZ%2BLLBPL653RxOVx7pjnxR5ypWtJCDSczVJfnnZ7vdCCF8Fgd3PeOLJ%2FePL%2BsKPMnUF%2FgcQfKedmpOsEBp4CIAoqGkB3psLuKsCaUdvYHVmigqAeixv3xy4yk44VbbNHrpU%2BsTi2X1ijJ4Co%3D%7Ctkp%3ABk9SR-r3utLaYQ&LH_Auction=1
Nintendo Switch OLED Model HEG-001 Handheld Console - 64GB - White,Pre-owned,225.0,7 Mar 2023,6.85,231.85,2023-03-12,https://www.ebay.co.uk/itm/144965880307?epid=5048310008&hash=item21c0a3c9f3%3Ag%3A0xUAAOSw0TJj%7Ec-6&amdata=enc%3AAQAHAAAA4HXMDsGTvEuumA%2B3IrnocRsZEe0X9jkXQZgh24qYXFQmaYIDj%2By5hGDXJXm5gBzGf%2BQVUBiup9AWU86ftT%2FG8D5Tu6dBbHnFGMmf%2BsXeVAzGZfgMY6AtT6Cd7bBxDYMKK6O9IwgSCGxnkTTiMeBxYY8%2F8LJrVju3aJAt6VOR1dKLb2GiA%2BxxosseVunnQsj1QSI50kBSUKEzCWvbp6sRXVicjdRXvc87rTlykkd3FaUglM9cFSVTnE%2B9zBKTveV5eioam2gxKjILJCoS6oImmVEgetirdu4F6SsoAvgQBptC%7Ctkp%3ABk9SR-r3utLaYQ&LH_Auction=1
LOT OF 2 BRAND NEW NINTENDO SWITCH CONSOLE WITH WHITE JOY-CON OLED MODEL HEG-001,Brand new,495.82,7 Mar 2023,80.75,576.5699999999999,2023-03-12,https://www.ebay.co.uk/itm/295549093764?epid=10048191653&hash=item44d0194784%3Ag%3A12oAAOSwRWhkAAmb&amdata=enc%3AAQAHAAAAwMlCYtkq2IgSqn76ANIVqeYHWrChbCY3T3lb%2B8YwzSyKJtVi00Ut67mVXCAGAffENi8b2AI3NynxxwLyALikqJ1cr%2Fr3iiHmd76iCXNA5%2Fz08%2BivI1KTEsfTprs7uSWdGAXeXtTnr9tHpxATsP6dwV8LkpCbU4UaqYRP2gF4h9KHvttiJt2AA5GMJSvonLSmVO3tzvZ2B6Ge2IM2IhmvJuv9q%2By3cLiEcECOw%2F0GB95AHZ6YrAIOLqLrMalqkHNonA%3D%3D%7Ctkp%3ABk9SR-z3utLaYQ&LH_Auction=1
Genuine Nintendo Switch OLED Handheld Console Only Model HEG-001 - READ VG,Pre-owned,182.63,7 Mar 2023,14.3,196.93,2023-03-12,https://www.ebay.co.uk/itm/204263770077?epid=10048191653&hash=item2f8f11c7dd%3Ag%3AehIAAOSw6w1iOiil&amdata=enc%3AAQAHAAAAwNZi2oDJB1wqsW57IDSl5u3k8%2FGNw00%2FU3G0bQnCz0SzS2g6vuX67UVB6CnPr9aZLBwC%2BNMby%2BnbK9l3B9VH8ZlDAYcyT2eLOcQfn1t5FtYb4I8PfIZmxyfRJ35Tfdv1nfl8ButML2MoZRmvuW6fcGrAQIQeA1kD%2F6F8a5WJzDG6aUTMh4jad4rlw6qj4d6MPgHkAx1BoIFvwjdEQ9C6SYGuwumqllVuh2N0IvgdwUkQPzs0MmtkE0LdP2sSDX43qw%3D%3D%7Ctkp%3ABk9SR-z3utLaYQ&LH_Auction=1
Nintendo Switch OLED Model w/ Orig. Box - Excellent Condition - Tested & Working,Pre-owned,243.78,7 Mar 2023,15.21,258.99,2023-03-12,https://www.ebay.co.uk/itm/374543791665?epid=8048191202&hash=item57348cb631%3Ag%3AmqsAAOSww6Rj%7EPpa&amdata=enc%3AAQAHAAAAwDH3SMTlBEVOZMdHUY3Tp7pq7tt3xM0pgYSSMN8ZZZwI1aV5BSKVi3y3agrV1ebIhEi0OaQoWAsAqvwhmMVfUl42CLVJ5LvOFCt5vH6sTfsMKi7td4qVoLOcUBTTyysCB0DrzE3rQFvm7NJ8Gxh3A%2BgoWXOkPUSmbpcANXiPdqSEB199C%2BH8cqSuR%2BF8pUWUlvJFN7RdeCEjrdPczShqLC3B9ew989i9ZkT08VBAZeATr7r5KpA4XU%2Fmus7bhkWSGg%3D%3D%7Ctkp%3ABk9SR-z3utLaYQ&LH_Auction=1
Nintendo Switch OLED Model HEG-001 Handheld Console - 64GB -,Pre-owned,155.0,6 Mar 2023,6.85,161.85,2023-03-12,https://www.ebay.co.uk/itm/354609283195?epid=9048299510&hash=item52905c407b%3Ag%3AD9wAAOSwLmRj-UTA&amdata=enc%3AAQAHAAAA4B64GtyGPJH33kaQ9GOdfyg03uXbOLRkdGKPyqNd07%2FktO1zI4v55NcNYoINnLxrHdA9gsdZIODvjk1KHC5YfApmTuf0lTMjSVxe3VKg74Qze9ZD4uuOF6keKgWjrLy012jnZCXBaQ36p2zLK9ZWpRH46FfagnfJgEjjPM9Rqx4N1BH7GCYJdhZmXq7Z3hVgqVrm2B64Y2hPfO7EBVo%2BxAcjr4cJ3SIU7GzsJfI%2Bj4%2BXy9PASx1XFuD7dCGzaMPYM50Wl9CrkLjYO%2B5C5iatQg0dw1ieFPtFOfl4L9kobANc%7Ctkp%3ABk9SR-z3utLaYQ&LH_Auction=1
